[START][2024-07-30 15:37:37] LSP logging initiated
[ERROR][2024-07-30 15:37:37] .../vim/lsp/rpc.lua:770	"rpc"	"/Users/user/.local/share/nvim/mason/bin/bash-language-server"	"stderr"	"(node:13082) [DEP0040] DeprecationWarning: The `punycode` module is deprecated. Please use a userland alternative instead.\n(Use `node --trace-deprecation ...` to show where the warning was created)\n"
[WARN][2024-07-30 15:37:38] ...lsp/handlers.lua:625	"07:37:38.027 WARNING ⛔️ Environment variable configuration is being deprecated, please use workspace configuration. The following environment variables were used: shfmt"
[WARN][2024-07-30 15:37:38] ...lsp/handlers.lua:625	"07:37:38.045 WARNING ⛔️ file:///Users/user/.bash_profile line 35: non-constant source not supported"
[WARN][2024-07-30 15:37:38] ...lsp/handlers.lua:625	"07:37:38.567 WARNING ⛔️ ShellCheck: disabling linting as no executable was found at path 'shellcheck'"
[START][2024-07-30 15:38:00] LSP logging initiated
[ERROR][2024-07-30 15:38:00] .../vim/lsp/rpc.lua:770	"rpc"	"/Users/user/.local/share/nvim/mason/bin/bash-language-server"	"stderr"	"(node:13223) [DEP0040] DeprecationWarning: The `punycode` module is deprecated. Please use a userland alternative instead.\n(Use `node --trace-deprecation ...` to show where the warning was created)\n"
[WARN][2024-07-30 15:38:06] ...lsp/handlers.lua:625	"07:38:06.102 WARNING ⛔️ Environment variable configuration is being deprecated, please use workspace configuration. The following environment variables were used: shfmt"
[WARN][2024-07-30 15:38:06] ...lsp/handlers.lua:625	"07:38:06.138 WARNING ⛔️ file:///Users/user/.bashrc line 105: failed to resolve path"
[WARN][2024-07-30 15:38:06] ...lsp/handlers.lua:625	"07:38:06.138 WARNING ⛔️ file:///Users/user/.bashrc line 107: failed to resolve path"
[WARN][2024-07-30 15:38:06] ...lsp/handlers.lua:625	"07:38:06.667 WARNING ⛔️ ShellCheck: disabling linting as no executable was found at path 'shellcheck'"
[START][2024-07-30 15:38:14] LSP logging initiated
[ERROR][2024-07-30 15:38:14] .../vim/lsp/rpc.lua:770	"rpc"	"/Users/user/.local/share/nvim/mason/bin/bash-language-server"	"stderr"	"(node:13305) [DEP0040] DeprecationWarning: The `punycode` module is deprecated. Please use a userland alternative instead.\n(Use `node --trace-deprecation ...` to show where the warning was created)\n"
[WARN][2024-07-30 15:38:15] ...lsp/handlers.lua:625	"07:38:15.556 WARNING ⛔️ Environment variable configuration is being deprecated, please use workspace configuration. The following environment variables were used: shfmt"
[WARN][2024-07-30 15:38:15] ...lsp/handlers.lua:625	"07:38:15.584 WARNING ⛔️ file:///Users/user/.bash_profile line 35: non-constant source not supported"
[WARN][2024-07-30 15:38:16] ...lsp/handlers.lua:625	"07:38:16.100 WARNING ⛔️ ShellCheck: disabling linting as no executable was found at path 'shellcheck'"
[WARN][2024-07-30 15:41:03] ...lsp/handlers.lua:625	"07:41:03.005 WARNING ⛔️ file:///Users/user/.bashrc line 105: failed to resolve path"
[WARN][2024-07-30 15:41:03] ...lsp/handlers.lua:625	"07:41:03.005 WARNING ⛔️ file:///Users/user/.bashrc line 107: failed to resolve path"
[START][2024-07-30 15:41:54] LSP logging initiated
[ERROR][2024-07-30 15:41:54] .../vim/lsp/rpc.lua:770	"rpc"	"/Users/user/.local/share/nvim/mason/bin/bash-language-server"	"stderr"	"(node:14031) [DEP0040] DeprecationWarning: The `punycode` module is deprecated. Please use a userland alternative instead.\n(Use `node --trace-deprecation ...` to show where the warning was created)\n"
[WARN][2024-07-30 15:41:56] ...lsp/handlers.lua:625	"07:41:56.578 WARNING ⛔️ Environment variable configuration is being deprecated, please use workspace configuration. The following environment variables were used: shfmt"
[WARN][2024-07-30 15:41:56] ...lsp/handlers.lua:625	"07:41:56.610 WARNING ⛔️ file:///Users/user/.bashrc line 105: failed to resolve path"
[WARN][2024-07-30 15:41:56] ...lsp/handlers.lua:625	"07:41:56.610 WARNING ⛔️ file:///Users/user/.bashrc line 107: failed to resolve path"
[WARN][2024-07-30 15:41:57] ...lsp/handlers.lua:625	"07:41:57.139 WARNING ⛔️ ShellCheck: disabling linting as no executable was found at path 'shellcheck'"
[START][2024-07-30 15:44:05] LSP logging initiated
[ERROR][2024-07-30 15:44:05] .../vim/lsp/rpc.lua:770	"rpc"	"/Users/user/.local/share/nvim/mason/bin/bash-language-server"	"stderr"	"(node:14222) [DEP0040] DeprecationWarning: The `punycode` module is deprecated. Please use a userland alternative instead.\n(Use `node --trace-deprecation ...` to show where the warning was created)\n"
[WARN][2024-07-30 15:44:07] ...lsp/handlers.lua:625	"07:44:07.052 WARNING ⛔️ Environment variable configuration is being deprecated, please use workspace configuration. The following environment variables were used: shfmt"
[WARN][2024-07-30 15:44:07] ...lsp/handlers.lua:625	"07:44:07.082 WARNING ⛔️ file:///Users/user/.bash_profile line 35: non-constant source not supported"
[WARN][2024-07-30 15:44:07] ...lsp/handlers.lua:625	"07:44:07.615 WARNING ⛔️ ShellCheck: disabling linting as no executable was found at path 'shellcheck'"
[START][2024-07-30 15:44:58] LSP logging initiated
[ERROR][2024-07-30 15:44:58] .../vim/lsp/rpc.lua:770	"rpc"	"/Users/user/.local/share/nvim/mason/bin/bash-language-server"	"stderr"	"(node:14372) [DEP0040] DeprecationWarning: The `punycode` module is deprecated. Please use a userland alternative instead.\n(Use `node --trace-deprecation ...` to show where the warning was created)\n"
[WARN][2024-07-30 15:44:59] ...lsp/handlers.lua:625	"07:44:59.302 WARNING ⛔️ Environment variable configuration is being deprecated, please use workspace configuration. The following environment variables were used: shfmt"
[WARN][2024-07-30 15:44:59] ...lsp/handlers.lua:625	"07:44:59.333 WARNING ⛔️ file:///Users/user/.bash_profile line 35: non-constant source not supported"
[WARN][2024-07-30 15:44:59] ...lsp/handlers.lua:625	"07:44:59.866 WARNING ⛔️ ShellCheck: disabling linting as no executable was found at path 'shellcheck'"
[WARN][2024-07-30 15:45:03] ...lsp/handlers.lua:625	"07:45:03.358 WARNING ⛔️ file:///Users/user/.bash_profile line 35: non-constant source not supported"
[START][2024-07-30 15:46:39] LSP logging initiated
[ERROR][2024-07-30 15:46:39] .../vim/lsp/rpc.lua:770	"rpc"	"/Users/user/.local/share/nvim/mason/bin/bash-language-server"	"stderr"	"(node:14538) [DEP0040] DeprecationWarning: The `punycode` module is deprecated. Please use a userland alternative instead.\n(Use `node --trace-deprecation ...` to show where the warning was created)\n"
[WARN][2024-07-30 15:46:45] ...lsp/handlers.lua:625	"07:46:45.254 WARNING ⛔️ Environment variable configuration is being deprecated, please use workspace configuration. The following environment variables were used: shfmt"
[WARN][2024-07-30 15:46:45] ...lsp/handlers.lua:625	"07:46:45.284 WARNING ⛔️ file:///Users/user/.bash_profile line 35: non-constant source not supported"
[WARN][2024-07-30 15:46:45] ...lsp/handlers.lua:625	"07:46:45.815 WARNING ⛔️ ShellCheck: disabling linting as no executable was found at path 'shellcheck'"
[WARN][2024-07-30 15:46:53] ...lsp/handlers.lua:625	"07:46:53.168 WARNING ⛔️ file:///Users/user/.bash_profile line 35: non-constant source not supported"
[START][2024-07-30 15:47:53] LSP logging initiated
[ERROR][2024-07-30 15:47:53] .../vim/lsp/rpc.lua:770	"rpc"	"/Users/user/.local/share/nvim/mason/bin/bash-language-server"	"stderr"	"(node:14744) [DEP0040] DeprecationWarning: The `punycode` module is deprecated. Please use a userland alternative instead.\n(Use `node --trace-deprecation ...` to show where the warning was created)\n"
[WARN][2024-07-30 15:48:43] ...lsp/handlers.lua:625	"07:48:43.933 WARNING ⛔️ Environment variable configuration is being deprecated, please use workspace configuration. The following environment variables were used: shfmt"
[WARN][2024-07-30 15:48:44] ...lsp/handlers.lua:625	"07:48:44.509 WARNING ⛔️ ShellCheck: disabling linting as no executable was found at path 'shellcheck'"
[START][2024-07-30 15:49:40] LSP logging initiated
[ERROR][2024-07-30 15:49:40] .../vim/lsp/rpc.lua:770	"rpc"	"/Users/user/.local/share/nvim/mason/bin/bash-language-server"	"stderr"	"(node:14926) [DEP0040] DeprecationWarning: The `punycode` module is deprecated. Please use a userland alternative instead.\n(Use `node --trace-deprecation ...` to show where the warning was created)\n"
[WARN][2024-07-30 15:50:03] ...lsp/handlers.lua:625	"07:50:03.020 WARNING ⛔️ Environment variable configuration is being deprecated, please use workspace configuration. The following environment variables were used: shfmt"
[WARN][2024-07-30 15:50:03] ...lsp/handlers.lua:625	"07:50:03.065 WARNING ⛔️ file:///Users/user/.bashrc line 105: failed to resolve path"
[WARN][2024-07-30 15:50:03] ...lsp/handlers.lua:625	"07:50:03.065 WARNING ⛔️ file:///Users/user/.bashrc line 107: failed to resolve path"
[START][2024-07-30 15:52:25] LSP logging initiated
[ERROR][2024-07-30 15:52:25] .../vim/lsp/rpc.lua:770	"rpc"	"/Users/user/.local/share/nvim/mason/bin/bash-language-server"	"stderr"	"(node:15612) [DEP0040] DeprecationWarning: The `punycode` module is deprecated. Please use a userland alternative instead.\n(Use `node --trace-deprecation ...` to show where the warning was created)\n"
[WARN][2024-07-30 15:52:42] ...lsp/handlers.lua:625	"07:52:42.324 WARNING ⛔️ Environment variable configuration is being deprecated, please use workspace configuration. The following environment variables were used: shfmt"
[WARN][2024-07-30 15:52:42] ...lsp/handlers.lua:625	"07:52:42.359 WARNING ⛔️ file:///Users/user/.bashrc line 105: failed to resolve path"
[WARN][2024-07-30 15:52:42] ...lsp/handlers.lua:625	"07:52:42.359 WARNING ⛔️ file:///Users/user/.bashrc line 107: failed to resolve path"
[WARN][2024-07-30 15:52:42] ...lsp/handlers.lua:625	"07:52:42.892 WARNING ⛔️ ShellCheck: disabling linting as no executable was found at path 'shellcheck'"
[START][2024-07-30 16:50:22] LSP logging initiated
[ERROR][2024-07-30 16:50:22] .../vim/lsp/rpc.lua:770	"rpc"	"/Users/user/.local/share/nvim/mason/bin/bash-language-server"	"stderr"	"(node:20577) [DEP0040] DeprecationWarning: The `punycode` module is deprecated. Please use a userland alternative instead.\n(Use `node --trace-deprecation ...` to show where the warning was created)\n"
[WARN][2024-07-30 16:50:23] ...lsp/handlers.lua:625	"08:50:23.213 WARNING ⛔️ Environment variable configuration is being deprecated, please use workspace configuration. The following environment variables were used: shfmt"
[WARN][2024-07-30 16:50:23] ...lsp/handlers.lua:625	"08:50:23.781 WARNING ⛔️ ShellCheck: disabling linting as no executable was found at path 'shellcheck'"
[START][2024-07-30 16:50:57] LSP logging initiated
[ERROR][2024-07-30 16:50:57] .../vim/lsp/rpc.lua:770	"rpc"	"/Users/user/.local/share/nvim/mason/bin/bash-language-server"	"stderr"	"(node:20778) [DEP0040] DeprecationWarning: The `punycode` module is deprecated. Please use a userland alternative instead.\n(Use `node --trace-deprecation ...` to show where the warning was created)\n"
[WARN][2024-07-30 16:50:57] ...lsp/handlers.lua:625	"08:50:57.964 WARNING ⛔️ Environment variable configuration is being deprecated, please use workspace configuration. The following environment variables were used: shfmt"
[WARN][2024-07-30 16:50:58] ...lsp/handlers.lua:625	"08:50:58.553 WARNING ⛔️ ShellCheck: disabling linting as no executable was found at path 'shellcheck'"
[START][2024-08-05 00:01:28] LSP logging initiated
[ERROR][2024-08-05 00:01:28] .../vim/lsp/rpc.lua:770	"rpc"	"/Users/sagiring/.local/share/nvim/mason/bin/bash-language-server"	"stderr"	"(node:3612) [DEP0040] DeprecationWarning: The `punycode` module is deprecated. Please use a userland alternative instead.\n(Use `node --trace-deprecation ...` to show where the warning was created)\n"
[WARN][2024-08-05 00:01:29] ...lsp/handlers.lua:625	"16:01:29.047 WARNING ⛔️ Environment variable configuration is being deprecated, please use workspace configuration. The following environment variables were used: shfmt"
[WARN][2024-08-05 00:01:29] ...lsp/handlers.lua:625	"16:01:29.064 WARNING ⛔️ file:///Users/sagiring/.bashrc line 105: failed to resolve path"
[WARN][2024-08-05 00:01:29] ...lsp/handlers.lua:625	"16:01:29.064 WARNING ⛔️ file:///Users/sagiring/.bashrc line 107: failed to resolve path"
[WARN][2024-08-05 00:01:29] ...lsp/handlers.lua:625	"16:01:29.569 WARNING ⛔️ ShellCheck: disabling linting as no executable was found at path 'shellcheck'"
[START][2024-08-05 00:02:02] LSP logging initiated
[ERROR][2024-08-05 00:02:02] .../vim/lsp/rpc.lua:770	"rpc"	"/Users/sagiring/.local/share/nvim/mason/bin/bash-language-server"	"stderr"	"(node:4005) [DEP0040] DeprecationWarning: The `punycode` module is deprecated. Please use a userland alternative instead.\n(Use `node --trace-deprecation ...` to show where the warning was created)\n"
[START][2024-08-05 00:02:15] LSP logging initiated
[ERROR][2024-08-05 00:02:15] .../vim/lsp/rpc.lua:770	"rpc"	"/Users/sagiring/.local/share/nvim/mason/bin/bash-language-server"	"stderr"	"(node:4458) [DEP0040] DeprecationWarning: The `punycode` module is deprecated. Please use a userland alternative instead.\n(Use `node --trace-deprecation ...` to show where the warning was created)\n"
[WARN][2024-08-05 00:04:25] ...lsp/handlers.lua:625	"16:04:25.035 WARNING ⛔️ Environment variable configuration is being deprecated, please use workspace configuration. The following environment variables were used: shfmt"
[WARN][2024-08-05 00:04:25] ...lsp/handlers.lua:625	"16:04:25.080 WARNING ⛔️ file:///Users/sagiring/.bashrc line 105: failed to resolve path"
[WARN][2024-08-05 00:04:25] ...lsp/handlers.lua:625	"16:04:25.080 WARNING ⛔️ file:///Users/sagiring/.bashrc line 107: failed to resolve path"
[START][2024-08-05 00:07:00] LSP logging initiated
[ERROR][2024-08-05 00:07:00] .../vim/lsp/rpc.lua:770	"rpc"	"/Users/sagiring/.local/share/nvim/mason/bin/bash-language-server"	"stderr"	"(node:5240) [DEP0040] DeprecationWarning: The `punycode` module is deprecated. Please use a userland alternative instead.\n(Use `node --trace-deprecation ...` to show where the warning was created)\n"
[WARN][2024-08-05 00:07:01] ...lsp/handlers.lua:625	"16:07:01.797 WARNING ⛔️ Environment variable configuration is being deprecated, please use workspace configuration. The following environment variables were used: shfmt"
[WARN][2024-08-05 00:07:01] ...lsp/handlers.lua:625	"16:07:01.812 WARNING ⛔️ file:///Users/sagiring/.bashrc line 105: failed to resolve path"
[WARN][2024-08-05 00:07:01] ...lsp/handlers.lua:625	"16:07:01.812 WARNING ⛔️ file:///Users/sagiring/.bashrc line 107: failed to resolve path"
[WARN][2024-08-05 00:07:02] ...lsp/handlers.lua:625	"16:07:02.317 WARNING ⛔️ ShellCheck: disabling linting as no executable was found at path 'shellcheck'"
[START][2024-08-05 00:07:09] LSP logging initiated
[ERROR][2024-08-05 00:07:09] .../vim/lsp/rpc.lua:770	"rpc"	"/Users/sagiring/.local/share/nvim/mason/bin/bash-language-server"	"stderr"	"(node:5345) [DEP0040] DeprecationWarning: The `punycode` module is deprecated. Please use a userland alternative instead.\n(Use `node --trace-deprecation ...` to show where the warning was created)\n"
[WARN][2024-08-05 00:07:10] ...lsp/handlers.lua:625	"16:07:10.525 WARNING ⛔️ Environment variable configuration is being deprecated, please use workspace configuration. The following environment variables were used: shfmt"
[WARN][2024-08-05 00:07:11] ...lsp/handlers.lua:625	"16:07:11.044 WARNING ⛔️ ShellCheck: disabling linting as no executable was found at path 'shellcheck'"
[START][2024-08-05 00:07:41] LSP logging initiated
[ERROR][2024-08-05 00:07:41] .../vim/lsp/rpc.lua:770	"rpc"	"/Users/sagiring/.local/share/nvim/mason/bin/bash-language-server"	"stderr"	"(node:5932) [DEP0040] DeprecationWarning: The `punycode` module is deprecated. Please use a userland alternative instead.\n(Use `node --trace-deprecation ...` to show where the warning was created)\n"
[WARN][2024-08-05 00:07:45] ...lsp/handlers.lua:625	"16:07:45.215 WARNING ⛔️ Environment variable configuration is being deprecated, please use workspace configuration. The following environment variables were used: shfmt"
[WARN][2024-08-05 00:07:45] ...lsp/handlers.lua:625	"16:07:45.247 WARNING ⛔️ file:///Users/sagiring/.bashrc line 105: failed to resolve path"
[WARN][2024-08-05 00:07:45] ...lsp/handlers.lua:625	"16:07:45.247 WARNING ⛔️ file:///Users/sagiring/.bashrc line 107: failed to resolve path"
[WARN][2024-08-05 00:07:45] ...lsp/handlers.lua:625	"16:07:45.753 WARNING ⛔️ ShellCheck: disabling linting as no executable was found at path 'shellcheck'"
[START][2024-08-05 00:08:10] LSP logging initiated
[ERROR][2024-08-05 00:08:10] .../vim/lsp/rpc.lua:770	"rpc"	"/Users/sagiring/.local/share/nvim/mason/bin/bash-language-server"	"stderr"	"(node:7144) [DEP0040] DeprecationWarning: The `punycode` module is deprecated. Please use a userland alternative instead.\n(Use `node --trace-deprecation ...` to show where the warning was created)\n"
[WARN][2024-08-05 00:08:11] ...lsp/handlers.lua:625	"16:08:11.481 WARNING ⛔️ Environment variable configuration is being deprecated, please use workspace configuration. The following environment variables were used: shfmt"
[WARN][2024-08-05 00:08:11] ...lsp/handlers.lua:625	"16:08:11.495 WARNING ⛔️ file:///Users/sagiring/.bashrc line 105: failed to resolve path"
[WARN][2024-08-05 00:08:11] ...lsp/handlers.lua:625	"16:08:11.495 WARNING ⛔️ file:///Users/sagiring/.bashrc line 107: failed to resolve path"
[WARN][2024-08-05 00:08:12] ...lsp/handlers.lua:625	"16:08:12.000 WARNING ⛔️ ShellCheck: disabling linting as no executable was found at path 'shellcheck'"
[START][2024-08-05 00:08:18] LSP logging initiated
[ERROR][2024-08-05 00:08:18] .../vim/lsp/rpc.lua:770	"rpc"	"/Users/sagiring/.local/share/nvim/mason/bin/bash-language-server"	"stderr"	"(node:7248) [DEP0040] DeprecationWarning: The `punycode` module is deprecated. Please use a userland alternative instead.\n(Use `node --trace-deprecation ...` to show where the warning was created)\n"
[WARN][2024-08-05 00:08:18] ...lsp/handlers.lua:625	"16:08:18.624 WARNING ⛔️ Environment variable configuration is being deprecated, please use workspace configuration. The following environment variables were used: shfmt"
[WARN][2024-08-05 00:08:19] ...lsp/handlers.lua:625	"16:08:19.143 WARNING ⛔️ ShellCheck: disabling linting as no executable was found at path 'shellcheck'"
[START][2024-08-05 00:09:37] LSP logging initiated
[ERROR][2024-08-05 00:09:37] .../vim/lsp/rpc.lua:734	"rpc"	"/Users/sagiring/.local/share/nvim/mason/bin/bash-language-server"	"stderr"	"(node:8593) [DEP0040] DeprecationWarning: The `punycode` module is deprecated. Please use a userland alternative instead.\n(Use `node --trace-deprecation ...` to show where the warning was created)\n"
[WARN][2024-08-05 00:09:37] ...lsp/handlers.lua:537	"16:09:37.759 WARNING ⛔️ Environment variable configuration is being deprecated, please use workspace configuration. The following environment variables were used: shfmt"
[WARN][2024-08-05 00:09:37] ...lsp/handlers.lua:537	"16:09:37.770 WARNING ⛔️ file:///Users/sagiring/.bashrc line 105: failed to resolve path"
[WARN][2024-08-05 00:09:37] ...lsp/handlers.lua:537	"16:09:37.770 WARNING ⛔️ file:///Users/sagiring/.bashrc line 107: failed to resolve path"
[WARN][2024-08-05 00:09:38] ...lsp/handlers.lua:537	"16:09:38.277 WARNING ⛔️ ShellCheck: disabling linting as no executable was found at path 'shellcheck'"
[START][2024-08-05 00:09:45] LSP logging initiated
[ERROR][2024-08-05 00:09:45] .../vim/lsp/rpc.lua:734	"rpc"	"/Users/sagiring/.local/share/nvim/mason/bin/bash-language-server"	"stderr"	"(node:8696) [DEP0040] DeprecationWarning: The `punycode` module is deprecated. Please use a userland alternative instead.\n(Use `node --trace-deprecation ...` to show where the warning was created)\n"
[WARN][2024-08-05 00:09:45] ...lsp/handlers.lua:537	"16:09:45.762 WARNING ⛔️ Environment variable configuration is being deprecated, please use workspace configuration. The following environment variables were used: shfmt"
[WARN][2024-08-05 00:09:46] ...lsp/handlers.lua:537	"16:09:46.279 WARNING ⛔️ ShellCheck: disabling linting as no executable was found at path 'shellcheck'"
[START][2024-08-28 17:26:44] LSP logging initiated
[ERROR][2024-08-28 17:26:44] .../vim/lsp/rpc.lua:734	"rpc"	"/Users/sagiring/.local/share/nvim/mason/bin/bash-language-server"	"stderr"	"(node:3166) [DEP0040] DeprecationWarning: The `punycode` module is deprecated. Please use a userland alternative instead.\n(Use `node --trace-deprecation ...` to show where the warning was created)\n"
[WARN][2024-08-28 17:26:44] ...lsp/handlers.lua:537	"09:26:44.415 WARNING ⛔️ Environment variable configuration is being deprecated, please use workspace configuration. The following environment variables were used: shfmt"
[WARN][2024-08-28 17:26:44] ...lsp/handlers.lua:537	"09:26:44.940 WARNING ⛔️ ShellCheck: disabling linting as no executable was found at path 'shellcheck'"
[START][2024-08-28 17:28:21] LSP logging initiated
[ERROR][2024-08-28 17:28:21] .../vim/lsp/rpc.lua:734	"rpc"	"/Users/sagiring/.local/share/nvim/mason/bin/bash-language-server"	"stderr"	"(node:3513) [DEP0040] DeprecationWarning: The `punycode` module is deprecated. Please use a userland alternative instead.\n(Use `node --trace-deprecation ...` to show where the warning was created)\n"
[WARN][2024-08-28 17:28:21] ...lsp/handlers.lua:537	"09:28:21.051 WARNING ⛔️ Environment variable configuration is being deprecated, please use workspace configuration. The following environment variables were used: shfmt"
[WARN][2024-08-28 17:28:21] ...lsp/handlers.lua:537	"09:28:21.570 WARNING ⛔️ ShellCheck: disabling linting as no executable was found at path 'shellcheck'"
[START][2024-08-28 17:30:01] LSP logging initiated
[ERROR][2024-08-28 17:30:01] .../vim/lsp/rpc.lua:734	"rpc"	"/Users/sagiring/.local/share/nvim/mason/bin/bash-language-server"	"stderr"	"(node:4397) [DEP0040] DeprecationWarning: The `punycode` module is deprecated. Please use a userland alternative instead.\n(Use `node --trace-deprecation ...` to show where the warning was created)\n"
[WARN][2024-08-28 17:30:01] ...lsp/handlers.lua:537	"09:30:01.529 WARNING ⛔️ Environment variable configuration is being deprecated, please use workspace configuration. The following environment variables were used: shfmt"
[WARN][2024-08-28 17:30:02] ...lsp/handlers.lua:537	"09:30:02.046 WARNING ⛔️ ShellCheck: disabling linting as no executable was found at path 'shellcheck'"
[START][2024-08-28 17:30:29] LSP logging initiated
[ERROR][2024-08-28 17:30:29] .../vim/lsp/rpc.lua:734	"rpc"	"/Users/sagiring/.local/share/nvim/mason/bin/bash-language-server"	"stderr"	"(node:4708) [DEP0040] DeprecationWarning: The `punycode` module is deprecated. Please use a userland alternative instead.\n(Use `node --trace-deprecation ...` to show where the warning was created)\n"
[WARN][2024-08-28 17:30:29] ...lsp/handlers.lua:537	"09:30:29.705 WARNING ⛔️ Environment variable configuration is being deprecated, please use workspace configuration. The following environment variables were used: shfmt"
[WARN][2024-08-28 17:30:30] ...lsp/handlers.lua:537	"09:30:30.222 WARNING ⛔️ ShellCheck: disabling linting as no executable was found at path 'shellcheck'"
[START][2024-08-28 17:31:40] LSP logging initiated
[ERROR][2024-08-28 17:31:40] .../vim/lsp/rpc.lua:734	"rpc"	"/Users/sagiring/.local/share/nvim/mason/bin/bash-language-server"	"stderr"	"(node:4875) [DEP0040] DeprecationWarning: The `punycode` module is deprecated. Please use a userland alternative instead.\n(Use `node --trace-deprecation ...` to show where the warning was created)\n"
[WARN][2024-08-28 17:31:40] ...lsp/handlers.lua:537	"09:31:40.600 WARNING ⛔️ Environment variable configuration is being deprecated, please use workspace configuration. The following environment variables were used: shfmt"
[WARN][2024-08-28 17:31:41] ...lsp/handlers.lua:537	"09:31:41.117 WARNING ⛔️ ShellCheck: disabling linting as no executable was found at path 'shellcheck'"
[WARN][2024-08-28 17:31:53] ...lsp/handlers.lua:537	"09:31:53.160 WARNING ⛔️ Error while parsing file:///Users/sagiring/exec/plantuml.sh: syntax error"
[WARN][2024-08-28 17:31:53] ...lsp/handlers.lua:537	"09:31:53.191 WARNING ⛔️ Error while parsing file:///Users/sagiring/exec/plantuml.sh: syntax error"
[WARN][2024-08-28 17:31:53] ...lsp/handlers.lua:537	"09:31:53.201 WARNING ⛔️ Error while parsing file:///Users/sagiring/exec/plantuml.sh: syntax error"
[WARN][2024-08-28 17:31:53] ...lsp/handlers.lua:537	"09:31:53.213 WARNING ⛔️ Error while parsing file:///Users/sagiring/exec/plantuml.sh: syntax error"
[WARN][2024-08-28 17:31:53] ...lsp/handlers.lua:537	"09:31:53.251 WARNING ⛔️ Error while parsing file:///Users/sagiring/exec/plantuml.sh: syntax error"
[WARN][2024-08-28 17:31:53] ...lsp/handlers.lua:537	"09:31:53.406 WARNING ⛔️ Error while parsing file:///Users/sagiring/exec/plantuml.sh: syntax error"
[WARN][2024-08-28 17:31:57] ...lsp/handlers.lua:537	"09:31:57.199 WARNING ⛔️ Error while parsing file:///Users/sagiring/exec/plantuml.sh: syntax error"
[START][2024-08-28 17:32:32] LSP logging initiated
[ERROR][2024-08-28 17:32:32] .../vim/lsp/rpc.lua:734	"rpc"	"/Users/sagiring/.local/share/nvim/mason/bin/bash-language-server"	"stderr"	"(node:5141) [DEP0040] DeprecationWarning: The `punycode` module is deprecated. Please use a userland alternative instead.\n(Use `node --trace-deprecation ...` to show where the warning was created)\n"
[WARN][2024-08-28 17:32:32] ...lsp/handlers.lua:537	"09:32:32.320 WARNING ⛔️ Environment variable configuration is being deprecated, please use workspace configuration. The following environment variables were used: shfmt"
[WARN][2024-08-28 17:32:32] ...lsp/handlers.lua:537	"09:32:32.839 WARNING ⛔️ ShellCheck: disabling linting as no executable was found at path 'shellcheck'"
[START][2024-08-28 17:33:32] LSP logging initiated
[ERROR][2024-08-28 17:33:32] .../vim/lsp/rpc.lua:734	"rpc"	"/Users/sagiring/.local/share/nvim/mason/bin/bash-language-server"	"stderr"	"(node:5672) [DEP0040] DeprecationWarning: The `punycode` module is deprecated. Please use a userland alternative instead.\n(Use `node --trace-deprecation ...` to show where the warning was created)\n"
[WARN][2024-08-28 17:33:32] ...lsp/handlers.lua:537	"09:33:32.558 WARNING ⛔️ Environment variable configuration is being deprecated, please use workspace configuration. The following environment variables were used: shfmt"
[WARN][2024-08-28 17:33:33] ...lsp/handlers.lua:537	"09:33:33.076 WARNING ⛔️ ShellCheck: disabling linting as no executable was found at path 'shellcheck'"
[START][2024-08-28 17:33:48] LSP logging initiated
[ERROR][2024-08-28 17:33:48] .../vim/lsp/rpc.lua:734	"rpc"	"/Users/sagiring/.local/share/nvim/mason/bin/bash-language-server"	"stderr"	"(node:5784) [DEP0040] DeprecationWarning: The `punycode` module is deprecated. Please use a userland alternative instead.\n(Use `node --trace-deprecation ...` to show where the warning was created)\n"
[WARN][2024-08-28 17:33:48] ...lsp/handlers.lua:537	"09:33:48.040 WARNING ⛔️ Environment variable configuration is being deprecated, please use workspace configuration. The following environment variables were used: shfmt"
[WARN][2024-08-28 17:33:48] ...lsp/handlers.lua:537	"09:33:48.553 WARNING ⛔️ ShellCheck: disabling linting as no executable was found at path 'shellcheck'"
[START][2024-09-02 10:41:34] LSP logging initiated
[ERROR][2024-09-02 10:41:34] .../vim/lsp/rpc.lua:734	"rpc"	"/Users/sagiring/.local/share/nvim/mason/bin/bash-language-server"	"stderr"	"(node:11124) [DEP0040] DeprecationWarning: The `punycode` module is deprecated. Please use a userland alternative instead.\n(Use `node --trace-deprecation ...` to show where the warning was created)\n"
[WARN][2024-09-02 10:41:34] ...lsp/handlers.lua:537	"02:41:34.344 WARNING ⛔️ Environment variable configuration is being deprecated, please use workspace configuration. The following environment variables were used: shfmt"
[WARN][2024-09-02 10:41:34] ...lsp/handlers.lua:537	"02:41:34.874 WARNING ⛔️ ShellCheck: disabling linting as no executable was found at path 'shellcheck'"
[START][2024-09-02 10:41:39] LSP logging initiated
[ERROR][2024-09-02 10:41:39] .../vim/lsp/rpc.lua:734	"rpc"	"/Users/sagiring/.local/share/nvim/mason/bin/bash-language-server"	"stderr"	"(node:11237) [DEP0040] DeprecationWarning: The `punycode` module is deprecated. Please use a userland alternative instead.\n(Use `node --trace-deprecation ...` to show where the warning was created)\n"
[WARN][2024-09-02 10:41:39] ...lsp/handlers.lua:537	"02:41:39.814 WARNING ⛔️ Environment variable configuration is being deprecated, please use workspace configuration. The following environment variables were used: shfmt"
[WARN][2024-09-02 10:41:39] ...lsp/handlers.lua:537	"02:41:39.827 WARNING ⛔️ file:///Users/sagiring/.bashrc line 105: failed to resolve path"
[WARN][2024-09-02 10:41:39] ...lsp/handlers.lua:537	"02:41:39.827 WARNING ⛔️ file:///Users/sagiring/.bashrc line 107: failed to resolve path"
[WARN][2024-09-02 10:41:40] ...lsp/handlers.lua:537	"02:41:40.332 WARNING ⛔️ ShellCheck: disabling linting as no executable was found at path 'shellcheck'"
[WARN][2024-09-02 10:41:42] ...lsp/handlers.lua:537	"02:41:42.498 WARNING ⛔️ file:///Users/sagiring/.bashrc line 105: failed to resolve path"
[WARN][2024-09-02 10:41:42] ...lsp/handlers.lua:537	"02:41:42.499 WARNING ⛔️ file:///Users/sagiring/.bashrc line 107: failed to resolve path"
[WARN][2024-09-02 10:41:43] ...lsp/handlers.lua:537	"02:41:43.887 WARNING ⛔️ file:///Users/sagiring/.bashrc line 105: failed to resolve path"
[WARN][2024-09-02 10:41:43] ...lsp/handlers.lua:537	"02:41:43.887 WARNING ⛔️ file:///Users/sagiring/.bashrc line 107: failed to resolve path"
[WARN][2024-09-02 10:41:43] ...lsp/handlers.lua:537	"02:41:43.896 WARNING ⛔️ file:///opt/homebrew/etc/profile.d/autojump.sh line 20: non-constant source not supported"
[WARN][2024-09-02 10:41:43] ...lsp/handlers.lua:537	"02:41:43.896 WARNING ⛔️ file:///opt/homebrew/etc/profile.d/autojump.sh line 24: non-constant source not supported"
[WARN][2024-09-02 10:41:43] ...lsp/handlers.lua:537	"02:41:43.896 WARNING ⛔️ file:///opt/homebrew/etc/profile.d/autojump.sh line 29: non-constant source not supported"
[START][2024-10-14 18:00:37] LSP logging initiated
[ERROR][2024-10-14 18:00:37] .../vim/lsp/rpc.lua:734	"rpc"	"/Users/sagiring/.local/share/nvim/mason/bin/bash-language-server"	"stderr"	"(node:25134) [DEP0040] DeprecationWarning: The `punycode` module is deprecated. Please use a userland alternative instead.\n(Use `node --trace-deprecation ...` to show where the warning was created)\n"
[WARN][2024-10-14 18:00:37] ...lsp/handlers.lua:537	"10:00:37.851 WARNING ⛔️ Environment variable configuration is being deprecated, please use workspace configuration. The following environment variables were used: shfmt"
[WARN][2024-10-14 18:00:38] ...lsp/handlers.lua:537	"10:00:38.370 WARNING ⛔️ ShellCheck: disabling linting as no executable was found at path 'shellcheck'"
[WARN][2024-10-14 18:00:45] ...lsp/handlers.lua:537	"10:00:45.056 WARNING ⛔️ Error while parsing file:///Users/sagiring/dotfiles/bash/.bash_aliases: syntax error"
[START][2024-10-14 18:10:41] LSP logging initiated
[ERROR][2024-10-14 18:10:41] .../vim/lsp/rpc.lua:734	"rpc"	"/Users/sagiring/.local/share/nvim/mason/bin/bash-language-server"	"stderr"	"(node:30246) [DEP0040] DeprecationWarning: The `punycode` module is deprecated. Please use a userland alternative instead.\n(Use `node --trace-deprecation ...` to show where the warning was created)\n"
[WARN][2024-10-14 18:10:41] ...lsp/handlers.lua:537	"10:10:41.952 WARNING ⛔️ Environment variable configuration is being deprecated, please use workspace configuration. The following environment variables were used: shfmt"
[WARN][2024-10-14 18:10:42] ...lsp/handlers.lua:537	"10:10:42.473 WARNING ⛔️ ShellCheck: disabling linting as no executable was found at path 'shellcheck'"
[WARN][2024-10-14 18:10:49] ...lsp/handlers.lua:537	"10:10:49.557 WARNING ⛔️ Error while parsing file:///Users/sagiring/.bash_aliases: syntax error"
[START][2024-10-14 18:13:44] LSP logging initiated
[ERROR][2024-10-14 18:13:44] .../vim/lsp/rpc.lua:734	"rpc"	"/Users/sagiring/.local/share/nvim/mason/bin/bash-language-server"	"stderr"	"(node:31353) [DEP0040] DeprecationWarning: The `punycode` module is deprecated. Please use a userland alternative instead.\n(Use `node --trace-deprecation ...` to show where the warning was created)\n"
[WARN][2024-10-14 18:13:44] ...lsp/handlers.lua:537	"10:13:44.194 WARNING ⛔️ Environment variable configuration is being deprecated, please use workspace configuration. The following environment variables were used: shfmt"
[WARN][2024-10-14 18:13:44] ...lsp/handlers.lua:537	"10:13:44.715 WARNING ⛔️ ShellCheck: disabling linting as no executable was found at path 'shellcheck'"
[START][2024-10-15 17:21:25] LSP logging initiated
[ERROR][2024-10-15 17:21:25] .../vim/lsp/rpc.lua:734	"rpc"	"/Users/sagiring/.local/share/nvim/mason/bin/bash-language-server"	"stderr"	"(node:80976) [DEP0040] DeprecationWarning: The `punycode` module is deprecated. Please use a userland alternative instead.\n(Use `node --trace-deprecation ...` to show where the warning was created)\n"
[WARN][2024-10-15 17:21:25] ...lsp/handlers.lua:537	"09:21:25.059 WARNING ⛔️ Environment variable configuration is being deprecated, please use workspace configuration. The following environment variables were used: shfmt"
[WARN][2024-10-15 17:21:25] ...lsp/handlers.lua:537	"09:21:25.579 WARNING ⛔️ ShellCheck: disabling linting as no executable was found at path 'shellcheck'"
[START][2024-10-16 14:51:05] LSP logging initiated
[ERROR][2024-10-16 14:51:05] .../vim/lsp/rpc.lua:734	"rpc"	"/Users/sagiring/.local/share/nvim/mason/bin/bash-language-server"	"stderr"	"(node:35486) [DEP0040] DeprecationWarning: The `punycode` module is deprecated. Please use a userland alternative instead.\n(Use `node --trace-deprecation ...` to show where the warning was created)\n"
[WARN][2024-10-16 14:51:05] ...lsp/handlers.lua:537	"06:51:05.687 WARNING ⛔️ Environment variable configuration is being deprecated, please use workspace configuration. The following environment variables were used: shfmt"
[WARN][2024-10-16 14:51:06] ...lsp/handlers.lua:537	"06:51:06.207 WARNING ⛔️ ShellCheck: disabling linting as no executable was found at path 'shellcheck'"
[START][2024-10-16 14:55:43] LSP logging initiated
[ERROR][2024-10-16 14:55:43] .../vim/lsp/rpc.lua:734	"rpc"	"/Users/sagiring/.local/share/nvim/mason/bin/bash-language-server"	"stderr"	"(node:37520) [DEP0040] DeprecationWarning: The `punycode` module is deprecated. Please use a userland alternative instead.\n(Use `node --trace-deprecation ...` to show where the warning was created)\n"
[WARN][2024-10-16 14:55:43] ...lsp/handlers.lua:537	"06:55:43.172 WARNING ⛔️ Environment variable configuration is being deprecated, please use workspace configuration. The following environment variables were used: shfmt"
[WARN][2024-10-16 14:55:43] ...lsp/handlers.lua:537	"06:55:43.200 WARNING ⛔️ file:///Users/sagiring/tools/hot-fix-helper/hot-fix-helper.sh line 2: failed to resolve path"
[WARN][2024-10-16 14:55:43] ...lsp/handlers.lua:537	"06:55:43.202 WARNING ⛔️ file:///Users/sagiring/tools/hot-fix-helper/setup.sh line 16: failed to resolve path"
[WARN][2024-10-16 14:55:43] ...lsp/handlers.lua:537	"06:55:43.697 WARNING ⛔️ ShellCheck: disabling linting as no executable was found at path 'shellcheck'"
[WARN][2024-10-16 14:55:49] ...lsp/handlers.lua:537	"06:55:49.048 WARNING ⛔️ file:///Users/sagiring/.bashrc line 105: failed to resolve path"
[WARN][2024-10-16 14:55:49] ...lsp/handlers.lua:537	"06:55:49.048 WARNING ⛔️ file:///Users/sagiring/.bashrc line 107: failed to resolve path"
[WARN][2024-10-16 14:55:51] ...lsp/handlers.lua:537	"06:55:51.262 WARNING ⛔️ file:///opt/homebrew/etc/profile.d/autojump.sh line 20: non-constant source not supported"
[WARN][2024-10-16 14:55:51] ...lsp/handlers.lua:537	"06:55:51.262 WARNING ⛔️ file:///opt/homebrew/etc/profile.d/autojump.sh line 24: non-constant source not supported"
[WARN][2024-10-16 14:55:51] ...lsp/handlers.lua:537	"06:55:51.262 WARNING ⛔️ file:///opt/homebrew/etc/profile.d/autojump.sh line 29: non-constant source not supported"
[START][2024-10-21 14:37:59] LSP logging initiated
[ERROR][2024-10-21 14:37:59] .../vim/lsp/rpc.lua:734	"rpc"	"/Users/sagiring/.local/share/nvim/mason/bin/bash-language-server"	"stderr"	"(node:88485) [DEP0040] DeprecationWarning: The `punycode` module is deprecated. Please use a userland alternative instead.\n(Use `node --trace-deprecation ...` to show where the warning was created)\n"
[WARN][2024-10-21 14:37:59] ...lsp/handlers.lua:537	"06:37:59.571 WARNING ⛔️ Environment variable configuration is being deprecated, please use workspace configuration. The following environment variables were used: shfmt"
[WARN][2024-10-21 14:38:00] ...lsp/handlers.lua:537	"06:38:00.093 WARNING ⛔️ ShellCheck: disabling linting as no executable was found at path 'shellcheck'"
[START][2024-10-21 14:38:10] LSP logging initiated
[ERROR][2024-10-21 14:38:10] .../vim/lsp/rpc.lua:734	"rpc"	"/Users/sagiring/.local/share/nvim/mason/bin/bash-language-server"	"stderr"	"(node:88625) [DEP0040] DeprecationWarning: The `punycode` module is deprecated. Please use a userland alternative instead.\n(Use `node --trace-deprecation ...` to show where the warning was created)\n"
[WARN][2024-10-21 14:38:10] ...lsp/handlers.lua:537	"06:38:10.496 WARNING ⛔️ Environment variable configuration is being deprecated, please use workspace configuration. The following environment variables were used: shfmt"
[WARN][2024-10-21 14:38:11] ...lsp/handlers.lua:537	"06:38:11.010 WARNING ⛔️ ShellCheck: disabling linting as no executable was found at path 'shellcheck'"
[START][2024-10-28 16:49:11] LSP logging initiated
[ERROR][2024-10-28 16:49:11] .../vim/lsp/rpc.lua:734	"rpc"	"/Users/sagiring/.local/share/nvim/mason/bin/bash-language-server"	"stderr"	"(node:18094) [DEP0040] DeprecationWarning: The `punycode` module is deprecated. Please use a userland alternative instead.\n(Use `node --trace-deprecation ...` to show where the warning was created)\n"
[WARN][2024-10-28 16:49:11] ...lsp/handlers.lua:537	"08:49:11.065 WARNING ⛔️ Environment variable configuration is being deprecated, please use workspace configuration. The following environment variables were used: shfmt"
[WARN][2024-10-28 16:49:11] ...lsp/handlers.lua:537	"08:49:11.583 WARNING ⛔️ ShellCheck: disabling linting as no executable was found at path 'shellcheck'"
[START][2024-10-28 16:50:30] LSP logging initiated
[ERROR][2024-10-28 16:50:30] .../vim/lsp/rpc.lua:734	"rpc"	"/Users/sagiring/.local/share/nvim/mason/bin/bash-language-server"	"stderr"	"(node:18438) [DEP0040] DeprecationWarning: The `punycode` module is deprecated. Please use a userland alternative instead.\n(Use `node --trace-deprecation ...` to show where the warning was created)\n"
[WARN][2024-10-28 16:50:30] ...lsp/handlers.lua:537	"08:50:30.342 WARNING ⛔️ Environment variable configuration is being deprecated, please use workspace configuration. The following environment variables were used: shfmt"
[WARN][2024-10-28 16:50:30] ...lsp/handlers.lua:537	"08:50:30.858 WARNING ⛔️ ShellCheck: disabling linting as no executable was found at path 'shellcheck'"
[START][2024-10-28 16:51:03] LSP logging initiated
[ERROR][2024-10-28 16:51:03] .../vim/lsp/rpc.lua:734	"rpc"	"/Users/sagiring/.local/share/nvim/mason/bin/bash-language-server"	"stderr"	"(node:18534) [DEP0040] DeprecationWarning: The `punycode` module is deprecated. Please use a userland alternative instead.\n(Use `node --trace-deprecation ...` to show where the warning was created)\n"
[WARN][2024-10-28 16:51:03] ...lsp/handlers.lua:537	"08:51:03.636 WARNING ⛔️ Environment variable configuration is being deprecated, please use workspace configuration. The following environment variables were used: shfmt"
[WARN][2024-10-28 16:51:04] ...lsp/handlers.lua:537	"08:51:04.150 WARNING ⛔️ ShellCheck: disabling linting as no executable was found at path 'shellcheck'"
[START][2024-11-01 19:09:14] LSP logging initiated
[ERROR][2024-11-01 19:09:14] .../vim/lsp/rpc.lua:734	"rpc"	"/Users/sagiring/.local/share/nvim/mason/bin/bash-language-server"	"stderr"	"(node:95469) [DEP0040] DeprecationWarning: The `punycode` module is deprecated. Please use a userland alternative instead.\n(Use `node --trace-deprecation ...` to show where the warning was created)\n"
[WARN][2024-11-01 19:09:14] ...lsp/handlers.lua:537	"11:09:14.651 WARNING ⛔️ Environment variable configuration is being deprecated, please use workspace configuration. The following environment variables were used: shfmt"
[WARN][2024-11-01 19:09:15] ...lsp/handlers.lua:537	"11:09:15.173 WARNING ⛔️ ShellCheck: disabling linting as no executable was found at path 'shellcheck'"
[WARN][2024-11-01 19:09:28] ...lsp/handlers.lua:537	"11:09:28.093 WARNING ⛔️ Error while parsing file:///Users/sagiring/.bash_aliases: syntax error"
[START][2024-11-01 19:10:42] LSP logging initiated
[ERROR][2024-11-01 19:10:42] .../vim/lsp/rpc.lua:734	"rpc"	"/Users/sagiring/.local/share/nvim/mason/bin/bash-language-server"	"stderr"	"(node:95927) [DEP0040] DeprecationWarning: The `punycode` module is deprecated. Please use a userland alternative instead.\n(Use `node --trace-deprecation ...` to show where the warning was created)\n"
[WARN][2024-11-01 19:10:42] ...lsp/handlers.lua:537	"11:10:42.993 WARNING ⛔️ Environment variable configuration is being deprecated, please use workspace configuration. The following environment variables were used: shfmt"
[WARN][2024-11-01 19:10:43] ...lsp/handlers.lua:537	"11:10:43.514 WARNING ⛔️ ShellCheck: disabling linting as no executable was found at path 'shellcheck'"
[START][2024-11-05 17:09:29] LSP logging initiated
[ERROR][2024-11-05 17:09:29] .../vim/lsp/rpc.lua:734	"rpc"	"/Users/sagiring/.local/share/nvim/mason/bin/bash-language-server"	"stderr"	"(node:45124) [DEP0040] DeprecationWarning: The `punycode` module is deprecated. Please use a userland alternative instead.\n(Use `node --trace-deprecation ...` to show where the warning was created)\n"
[WARN][2024-11-05 17:09:29] ...lsp/handlers.lua:537	"09:09:29.482 WARNING ⛔️ Environment variable configuration is being deprecated, please use workspace configuration. The following environment variables were used: shfmt"
[WARN][2024-11-05 17:09:29] ...lsp/handlers.lua:537	"09:09:29.501 WARNING ⛔️ file:///Users/sagiring/.bashrc line 105: failed to resolve path"
[WARN][2024-11-05 17:09:29] ...lsp/handlers.lua:537	"09:09:29.502 WARNING ⛔️ file:///Users/sagiring/.bashrc line 107: failed to resolve path"
[WARN][2024-11-05 17:09:30] ...lsp/handlers.lua:537	"09:09:30.007 WARNING ⛔️ ShellCheck: disabling linting as no executable was found at path 'shellcheck'"
[START][2024-11-12 18:31:24] LSP logging initiated
[ERROR][2024-11-12 18:31:24] .../vim/lsp/rpc.lua:734	"rpc"	"/Users/sagiring/.local/share/nvim/mason/bin/bash-language-server"	"stderr"	"(node:50662) [DEP0040] DeprecationWarning: The `punycode` module is deprecated. Please use a userland alternative instead.\n(Use `node --trace-deprecation ...` to show where the warning was created)\n"
[WARN][2024-11-12 18:31:24] ...lsp/handlers.lua:537	"10:31:24.240 WARNING ⛔️ Environment variable configuration is being deprecated, please use workspace configuration. The following environment variables were used: shfmt"
[WARN][2024-11-12 18:31:24] ...lsp/handlers.lua:537	"10:31:24.257 WARNING ⛔️ file:///Users/sagiring/.bashrc line 105: failed to resolve path"
[WARN][2024-11-12 18:31:24] ...lsp/handlers.lua:537	"10:31:24.257 WARNING ⛔️ file:///Users/sagiring/.bashrc line 107: failed to resolve path"
[WARN][2024-11-12 18:31:24] ...lsp/handlers.lua:537	"10:31:24.764 WARNING ⛔️ ShellCheck: disabling linting as no executable was found at path 'shellcheck'"
[START][2024-11-12 18:31:50] LSP logging initiated
[ERROR][2024-11-12 18:31:50] .../vim/lsp/rpc.lua:734	"rpc"	"/Users/sagiring/.local/share/nvim/mason/bin/bash-language-server"	"stderr"	"(node:50766) [DEP0040] DeprecationWarning: The `punycode` module is deprecated. Please use a userland alternative instead.\n(Use `node --trace-deprecation ...` to show where the warning was created)\n"
[WARN][2024-11-12 18:31:50] ...lsp/handlers.lua:537	"10:31:50.568 WARNING ⛔️ Environment variable configuration is being deprecated, please use workspace configuration. The following environment variables were used: shfmt"
[WARN][2024-11-12 18:31:51] ...lsp/handlers.lua:537	"10:31:51.082 WARNING ⛔️ ShellCheck: disabling linting as no executable was found at path 'shellcheck'"
[START][2024-11-12 18:31:54] LSP logging initiated
[ERROR][2024-11-12 18:31:54] .../vim/lsp/rpc.lua:734	"rpc"	"/Users/sagiring/.local/share/nvim/mason/bin/bash-language-server"	"stderr"	"(node:50869) [DEP0040] DeprecationWarning: The `punycode` module is deprecated. Please use a userland alternative instead.\n(Use `node --trace-deprecation ...` to show where the warning was created)\n"
[WARN][2024-11-12 18:31:54] ...lsp/handlers.lua:537	"10:31:54.967 WARNING ⛔️ Environment variable configuration is being deprecated, please use workspace configuration. The following environment variables were used: shfmt"
[WARN][2024-11-12 18:31:55] ...lsp/handlers.lua:537	"10:31:55.484 WARNING ⛔️ ShellCheck: disabling linting as no executable was found at path 'shellcheck'"
[WARN][2024-11-12 18:32:06] ...lsp/handlers.lua:537	"10:32:06.198 WARNING ⛔️ file:///Users/sagiring/.bashrc line 105: failed to resolve path"
[WARN][2024-11-12 18:32:06] ...lsp/handlers.lua:537	"10:32:06.198 WARNING ⛔️ file:///Users/sagiring/.bashrc line 107: failed to resolve path"
[WARN][2024-11-12 18:32:08] ...lsp/handlers.lua:537	"10:32:08.366 WARNING ⛔️ file:///opt/homebrew/etc/profile.d/autojump.sh line 20: non-constant source not supported"
[WARN][2024-11-12 18:32:08] ...lsp/handlers.lua:537	"10:32:08.366 WARNING ⛔️ file:///opt/homebrew/etc/profile.d/autojump.sh line 24: non-constant source not supported"
[WARN][2024-11-12 18:32:08] ...lsp/handlers.lua:537	"10:32:08.366 WARNING ⛔️ file:///opt/homebrew/etc/profile.d/autojump.sh line 29: non-constant source not supported"
[WARN][2024-11-12 18:32:10] ...lsp/handlers.lua:537	"10:32:10.234 WARNING ⛔️ Error while parsing file:///Users/sagiring/.bash_profile: syntax error"
[START][2024-11-12 18:32:40] LSP logging initiated
[ERROR][2024-11-12 18:32:40] .../vim/lsp/rpc.lua:734	"rpc"	"/Users/sagiring/.local/share/nvim/mason/bin/bash-language-server"	"stderr"	"(node:50991) [DEP0040] DeprecationWarning: The `punycode` module is deprecated. Please use a userland alternative instead.\n(Use `node --trace-deprecation ...` to show where the warning was created)\n"
[WARN][2024-11-12 18:32:40] ...lsp/handlers.lua:537	"10:32:40.563 WARNING ⛔️ Environment variable configuration is being deprecated, please use workspace configuration. The following environment variables were used: shfmt"
[WARN][2024-11-12 18:32:41] ...lsp/handlers.lua:537	"10:32:41.080 WARNING ⛔️ ShellCheck: disabling linting as no executable was found at path 'shellcheck'"
[START][2024-11-12 18:41:03] LSP logging initiated
[ERROR][2024-11-12 18:41:03] .../vim/lsp/rpc.lua:734	"rpc"	"/Users/sagiring/.local/share/nvim/mason/bin/bash-language-server"	"stderr"	"(node:52167) [DEP0040] DeprecationWarning: The `punycode` module is deprecated. Please use a userland alternative instead.\n(Use `node --trace-deprecation ...` to show where the warning was created)\n"
[WARN][2024-11-12 18:41:03] ...lsp/handlers.lua:537	"10:41:03.779 WARNING ⛔️ Environment variable configuration is being deprecated, please use workspace configuration. The following environment variables were used: shfmt"
[WARN][2024-11-12 18:41:04] ...lsp/handlers.lua:537	"10:41:04.303 WARNING ⛔️ ShellCheck: disabling linting as no executable was found at path 'shellcheck'"
[START][2024-11-12 18:42:49] LSP logging initiated
[ERROR][2024-11-12 18:42:49] .../vim/lsp/rpc.lua:734	"rpc"	"/Users/sagiring/.local/share/nvim/mason/bin/bash-language-server"	"stderr"	"(node:52782) [DEP0040] DeprecationWarning: The `punycode` module is deprecated. Please use a userland alternative instead.\n(Use `node --trace-deprecation ...` to show where the warning was created)\n"
[WARN][2024-11-12 18:42:49] ...lsp/handlers.lua:537	"10:42:49.244 WARNING ⛔️ Environment variable configuration is being deprecated, please use workspace configuration. The following environment variables were used: shfmt"
[WARN][2024-11-12 18:42:49] ...lsp/handlers.lua:537	"10:42:49.257 WARNING ⛔️ file:///Users/sagiring/.bashrc line 105: failed to resolve path"
[WARN][2024-11-12 18:42:49] ...lsp/handlers.lua:537	"10:42:49.257 WARNING ⛔️ file:///Users/sagiring/.bashrc line 107: failed to resolve path"
[WARN][2024-11-12 18:42:49] ...lsp/handlers.lua:537	"10:42:49.764 WARNING ⛔️ ShellCheck: disabling linting as no executable was found at path 'shellcheck'"
[START][2024-11-12 18:42:54] LSP logging initiated
[ERROR][2024-11-12 18:42:54] .../vim/lsp/rpc.lua:734	"rpc"	"/Users/sagiring/.local/share/nvim/mason/bin/bash-language-server"	"stderr"	"(node:52874) [DEP0040] DeprecationWarning: The `punycode` module is deprecated. Please use a userland alternative instead.\n(Use `node --trace-deprecation ...` to show where the warning was created)\n"
[WARN][2024-11-12 18:42:54] ...lsp/handlers.lua:537	"10:42:54.218 WARNING ⛔️ Environment variable configuration is being deprecated, please use workspace configuration. The following environment variables were used: shfmt"
[WARN][2024-11-12 18:42:54] ...lsp/handlers.lua:537	"10:42:54.736 WARNING ⛔️ ShellCheck: disabling linting as no executable was found at path 'shellcheck'"
[START][2024-11-12 18:44:22] LSP logging initiated
[ERROR][2024-11-12 18:44:22] .../vim/lsp/rpc.lua:734	"rpc"	"/Users/sagiring/.local/share/nvim/mason/bin/bash-language-server"	"stderr"	"(node:53637) [DEP0040] DeprecationWarning: The `punycode` module is deprecated. Please use a userland alternative instead.\n(Use `node --trace-deprecation ...` to show where the warning was created)\n"
[WARN][2024-11-12 18:44:22] ...lsp/handlers.lua:537	"10:44:22.247 WARNING ⛔️ Environment variable configuration is being deprecated, please use workspace configuration. The following environment variables were used: shfmt"
[WARN][2024-11-12 18:44:22] ...lsp/handlers.lua:537	"10:44:22.764 WARNING ⛔️ ShellCheck: disabling linting as no executable was found at path 'shellcheck'"
[START][2024-11-12 18:51:47] LSP logging initiated
[ERROR][2024-11-12 18:51:47] .../vim/lsp/rpc.lua:734	"rpc"	"/Users/sagiring/.local/share/nvim/mason/bin/bash-language-server"	"stderr"	"(node:55678) [DEP0040] DeprecationWarning: The `punycode` module is deprecated. Please use a userland alternative instead.\n(Use `node --trace-deprecation ...` to show where the warning was created)\n"
[WARN][2024-11-12 18:51:47] ...lsp/handlers.lua:537	"10:51:47.521 WARNING ⛔️ Environment variable configuration is being deprecated, please use workspace configuration. The following environment variables were used: shfmt"
[WARN][2024-11-12 18:51:48] ...lsp/handlers.lua:537	"10:51:48.039 WARNING ⛔️ ShellCheck: disabling linting as no executable was found at path 'shellcheck'"
[WARN][2024-11-12 18:52:15] ...lsp/handlers.lua:537	"10:52:15.893 WARNING ⛔️ Error while parsing file:///Users/sagiring/script/o: syntax error"
[WARN][2024-11-12 18:52:24] ...lsp/handlers.lua:537	"10:52:24.803 WARNING ⛔️ Error while parsing file:///Users/sagiring/script/o: syntax error"
[START][2024-11-12 18:53:31] LSP logging initiated
[ERROR][2024-11-12 18:53:31] .../vim/lsp/rpc.lua:734	"rpc"	"/Users/sagiring/.local/share/nvim/mason/bin/bash-language-server"	"stderr"	"(node:56004) [DEP0040] DeprecationWarning: The `punycode` module is deprecated. Please use a userland alternative instead.\n(Use `node --trace-deprecation ...` to show where the warning was created)\n"
[WARN][2024-11-12 18:53:31] ...lsp/handlers.lua:537	"10:53:31.585 WARNING ⛔️ Environment variable configuration is being deprecated, please use workspace configuration. The following environment variables were used: shfmt"
[WARN][2024-11-12 18:53:32] ...lsp/handlers.lua:537	"10:53:32.099 WARNING ⛔️ ShellCheck: disabling linting as no executable was found at path 'shellcheck'"
[START][2024-11-12 18:55:23] LSP logging initiated
[ERROR][2024-11-12 18:55:23] .../vim/lsp/rpc.lua:734	"rpc"	"/Users/sagiring/.local/share/nvim/mason/bin/bash-language-server"	"stderr"	"(node:56454) [DEP0040] DeprecationWarning: The `punycode` module is deprecated. Please use a userland alternative instead.\n(Use `node --trace-deprecation ...` to show where the warning was created)\n"
[WARN][2024-11-12 18:55:23] ...lsp/handlers.lua:537	"10:55:23.563 WARNING ⛔️ Environment variable configuration is being deprecated, please use workspace configuration. The following environment variables were used: shfmt"
[WARN][2024-11-12 18:55:24] ...lsp/handlers.lua:537	"10:55:24.086 WARNING ⛔️ ShellCheck: disabling linting as no executable was found at path 'shellcheck'"
[START][2024-11-13 15:45:10] LSP logging initiated
[ERROR][2024-11-13 15:45:10] .../vim/lsp/rpc.lua:734	"rpc"	"/Users/sagiring/.local/share/nvim/mason/bin/bash-language-server"	"stderr"	"(node:13443) [DEP0040] DeprecationWarning: The `punycode` module is deprecated. Please use a userland alternative instead.\n(Use `node --trace-deprecation ...` to show where the warning was created)\n"
[WARN][2024-11-13 15:45:10] ...lsp/handlers.lua:537	"07:45:10.703 WARNING ⛔️ Environment variable configuration is being deprecated, please use workspace configuration. The following environment variables were used: shfmt"
[WARN][2024-11-13 15:45:11] ...lsp/handlers.lua:537	"07:45:11.224 WARNING ⛔️ ShellCheck: disabling linting as no executable was found at path 'shellcheck'"
[WARN][2024-11-13 15:45:30] ...lsp/handlers.lua:537	"07:45:30.141 WARNING ⛔️ Error while parsing file:///Users/sagiring/dotfiles/script/script/o: syntax error"
[WARN][2024-11-13 15:45:31] ...lsp/handlers.lua:537	"07:45:31.827 WARNING ⛔️ Error while parsing file:///Users/sagiring/dotfiles/script/script/o: syntax error"
[WARN][2024-11-13 15:45:32] ...lsp/handlers.lua:537	"07:45:32.499 WARNING ⛔️ Error while parsing file:///Users/sagiring/dotfiles/script/script/o: syntax error"
[WARN][2024-11-13 15:45:35] ...lsp/handlers.lua:537	"07:45:35.874 WARNING ⛔️ Error while parsing file:///Users/sagiring/dotfiles/script/script/o: syntax error"
[WARN][2024-11-13 15:45:36] ...lsp/handlers.lua:537	"07:45:36.490 WARNING ⛔️ Error while parsing file:///Users/sagiring/dotfiles/script/script/o: syntax error"
[START][2024-11-25 16:17:38] LSP logging initiated
[ERROR][2024-11-25 16:17:38] .../vim/lsp/rpc.lua:734	"rpc"	"/Users/sagiring/.local/share/nvim/mason/bin/bash-language-server"	"stderr"	"(node:14460) [DEP0040] DeprecationWarning: The `punycode` module is deprecated. Please use a userland alternative instead.\n(Use `node --trace-deprecation ...` to show where the warning was created)\n"
[WARN][2024-11-25 16:17:38] ...lsp/handlers.lua:537	"08:17:38.118 WARNING ⛔️ Environment variable configuration is being deprecated, please use workspace configuration. The following environment variables were used: shfmt"
[WARN][2024-11-25 16:17:38] ...lsp/handlers.lua:537	"08:17:38.640 WARNING ⛔️ ShellCheck: disabling linting as no executable was found at path 'shellcheck'"
[START][2024-11-25 16:17:54] LSP logging initiated
[ERROR][2024-11-25 16:17:54] .../vim/lsp/rpc.lua:734	"rpc"	"/Users/sagiring/.local/share/nvim/mason/bin/bash-language-server"	"stderr"	"(node:14655) [DEP0040] DeprecationWarning: The `punycode` module is deprecated. Please use a userland alternative instead.\n(Use `node --trace-deprecation ...` to show where the warning was created)\n"
[WARN][2024-11-25 16:17:54] ...lsp/handlers.lua:537	"08:17:54.304 WARNING ⛔️ Environment variable configuration is being deprecated, please use workspace configuration. The following environment variables were used: shfmt"
[WARN][2024-11-25 16:17:54] ...lsp/handlers.lua:537	"08:17:54.317 WARNING ⛔️ file:///Users/sagiring/.bashrc line 105: failed to resolve path"
[WARN][2024-11-25 16:17:54] ...lsp/handlers.lua:537	"08:17:54.317 WARNING ⛔️ file:///Users/sagiring/.bashrc line 107: failed to resolve path"
[WARN][2024-11-25 16:17:54] ...lsp/handlers.lua:537	"08:17:54.822 WARNING ⛔️ ShellCheck: disabling linting as no executable was found at path 'shellcheck'"
[START][2024-11-25 16:18:04] LSP logging initiated
[ERROR][2024-11-25 16:18:04] .../vim/lsp/rpc.lua:734	"rpc"	"/Users/sagiring/.local/share/nvim/mason/bin/bash-language-server"	"stderr"	"(node:14762) [DEP0040] DeprecationWarning: The `punycode` module is deprecated. Please use a userland alternative instead.\n(Use `node --trace-deprecation ...` to show where the warning was created)\n"
[WARN][2024-11-25 16:18:04] ...lsp/handlers.lua:537	"08:18:04.502 WARNING ⛔️ Environment variable configuration is being deprecated, please use workspace configuration. The following environment variables were used: shfmt"
[WARN][2024-11-25 16:18:05] ...lsp/handlers.lua:537	"08:18:05.016 WARNING ⛔️ ShellCheck: disabling linting as no executable was found at path 'shellcheck'"
[START][2024-12-04 14:29:42] LSP logging initiated
[ERROR][2024-12-04 14:29:42] .../vim/lsp/rpc.lua:734	"rpc"	"/Users/sagiring/.local/share/nvim/mason/bin/bash-language-server"	"stderr"	"(node:514) [DEP0040] DeprecationWarning: The `punycode` module is deprecated. Please use a userland alternative instead.\n(Use `node --trace-deprecation ...` to show where the warning was created)\n"
[WARN][2024-12-04 14:29:42] ...lsp/handlers.lua:537	"06:29:42.745 WARNING ⛔️ Environment variable configuration is being deprecated, please use workspace configuration. The following environment variables were used: shfmt"
[WARN][2024-12-04 14:29:43] ...lsp/handlers.lua:537	"06:29:43.268 WARNING ⛔️ ShellCheck: disabling linting as no executable was found at path 'shellcheck'"
[START][2024-12-04 14:30:16] LSP logging initiated
[ERROR][2024-12-04 14:30:16] .../vim/lsp/rpc.lua:734	"rpc"	"/Users/sagiring/.local/share/nvim/mason/bin/bash-language-server"	"stderr"	"(node:802) [DEP0040] DeprecationWarning: The `punycode` module is deprecated. Please use a userland alternative instead.\n(Use `node --trace-deprecation ...` to show where the warning was created)\n"
[WARN][2024-12-04 14:30:16] ...lsp/handlers.lua:537	"06:30:16.864 WARNING ⛔️ Environment variable configuration is being deprecated, please use workspace configuration. The following environment variables were used: shfmt"
[WARN][2024-12-04 14:30:17] ...lsp/handlers.lua:537	"06:30:17.386 WARNING ⛔️ ShellCheck: disabling linting as no executable was found at path 'shellcheck'"
[START][2024-12-04 14:31:14] LSP logging initiated
[ERROR][2024-12-04 14:31:14] .../vim/lsp/rpc.lua:734	"rpc"	"/Users/sagiring/.local/share/nvim/mason/bin/bash-language-server"	"stderr"	"(node:1090) [DEP0040] DeprecationWarning: The `punycode` module is deprecated. Please use a userland alternative instead.\n(Use `node --trace-deprecation ...` to show where the warning was created)\n"
[WARN][2024-12-04 14:31:14] ...lsp/handlers.lua:537	"06:31:14.626 WARNING ⛔️ Environment variable configuration is being deprecated, please use workspace configuration. The following environment variables were used: shfmt"
[WARN][2024-12-04 14:31:14] ...lsp/handlers.lua:537	"06:31:14.644 WARNING ⛔️ file:///Users/sagiring/.bashrc line 105: failed to resolve path"
[WARN][2024-12-04 14:31:14] ...lsp/handlers.lua:537	"06:31:14.644 WARNING ⛔️ file:///Users/sagiring/.bashrc line 107: failed to resolve path"
[WARN][2024-12-04 14:31:15] ...lsp/handlers.lua:537	"06:31:15.148 WARNING ⛔️ ShellCheck: disabling linting as no executable was found at path 'shellcheck'"
[START][2024-12-04 14:59:23] LSP logging initiated
[ERROR][2024-12-04 14:59:23] .../vim/lsp/rpc.lua:734	"rpc"	"/Users/sagiring/.local/share/nvim/mason/bin/bash-language-server"	"stderr"	"(node:5578) [DEP0040] DeprecationWarning: The `punycode` module is deprecated. Please use a userland alternative instead.\n(Use `node --trace-deprecation ...` to show where the warning was created)\n"
[WARN][2024-12-04 14:59:23] ...lsp/handlers.lua:537	"06:59:23.109 WARNING ⛔️ Environment variable configuration is being deprecated, please use workspace configuration. The following environment variables were used: shfmt"
[WARN][2024-12-04 14:59:23] ...lsp/handlers.lua:537	"06:59:23.630 WARNING ⛔️ ShellCheck: disabling linting as no executable was found at path 'shellcheck'"
[START][2024-12-04 17:06:35] LSP logging initiated
[ERROR][2024-12-04 17:06:35] .../vim/lsp/rpc.lua:734	"rpc"	"/Users/sagiring/.local/share/nvim/mason/bin/bash-language-server"	"stderr"	"(node:23051) [DEP0040] DeprecationWarning: The `punycode` module is deprecated. Please use a userland alternative instead.\n(Use `node --trace-deprecation ...` to show where the warning was created)\n"
[WARN][2024-12-04 17:06:35] ...lsp/handlers.lua:537	"09:06:35.509 WARNING ⛔️ Environment variable configuration is being deprecated, please use workspace configuration. The following environment variables were used: shfmt"
[WARN][2024-12-04 17:06:36] ...lsp/handlers.lua:537	"09:06:36.030 WARNING ⛔️ ShellCheck: disabling linting as no executable was found at path 'shellcheck'"
[START][2024-12-04 17:07:36] LSP logging initiated
[ERROR][2024-12-04 17:07:36] .../vim/lsp/rpc.lua:734	"rpc"	"/Users/sagiring/.local/share/nvim/mason/bin/bash-language-server"	"stderr"	"(node:23386) [DEP0040] DeprecationWarning: The `punycode` module is deprecated. Please use a userland alternative instead.\n(Use `node --trace-deprecation ...` to show where the warning was created)\n"
[WARN][2024-12-04 17:07:36] ...lsp/handlers.lua:537	"09:07:36.400 WARNING ⛔️ Environment variable configuration is being deprecated, please use workspace configuration. The following environment variables were used: shfmt"
[WARN][2024-12-04 17:07:36] ...lsp/handlers.lua:537	"09:07:36.919 WARNING ⛔️ ShellCheck: disabling linting as no executable was found at path 'shellcheck'"
[START][2024-12-04 17:08:03] LSP logging initiated
[ERROR][2024-12-04 17:08:03] .../vim/lsp/rpc.lua:734	"rpc"	"/Users/sagiring/.local/share/nvim/mason/bin/bash-language-server"	"stderr"	"(node:23572) [DEP0040] DeprecationWarning: The `punycode` module is deprecated. Please use a userland alternative instead.\n(Use `node --trace-deprecation ...` to show where the warning was created)\n"
[WARN][2024-12-04 17:08:03] ...lsp/handlers.lua:537	"09:08:03.821 WARNING ⛔️ Environment variable configuration is being deprecated, please use workspace configuration. The following environment variables were used: shfmt"
[WARN][2024-12-04 17:08:04] ...lsp/handlers.lua:537	"09:08:04.335 WARNING ⛔️ ShellCheck: disabling linting as no executable was found at path 'shellcheck'"
[START][2024-12-04 17:08:16] LSP logging initiated
[ERROR][2024-12-04 17:08:16] .../vim/lsp/rpc.lua:734	"rpc"	"/Users/sagiring/.local/share/nvim/mason/bin/bash-language-server"	"stderr"	"(node:23704) [DEP0040] DeprecationWarning: The `punycode` module is deprecated. Please use a userland alternative instead.\n(Use `node --trace-deprecation ...` to show where the warning was created)\n"
[WARN][2024-12-04 17:08:16] ...lsp/handlers.lua:537	"09:08:16.361 WARNING ⛔️ Environment variable configuration is being deprecated, please use workspace configuration. The following environment variables were used: shfmt"
[WARN][2024-12-04 17:08:16] ...lsp/handlers.lua:537	"09:08:16.876 WARNING ⛔️ ShellCheck: disabling linting as no executable was found at path 'shellcheck'"
[START][2024-12-04 17:08:28] LSP logging initiated
[ERROR][2024-12-04 17:08:28] .../vim/lsp/rpc.lua:734	"rpc"	"/Users/sagiring/.local/share/nvim/mason/bin/bash-language-server"	"stderr"	"(node:23847) [DEP0040] DeprecationWarning: The `punycode` module is deprecated. Please use a userland alternative instead.\n(Use `node --trace-deprecation ...` to show where the warning was created)\n"
[WARN][2024-12-04 17:08:28] ...lsp/handlers.lua:537	"09:08:28.780 WARNING ⛔️ Environment variable configuration is being deprecated, please use workspace configuration. The following environment variables were used: shfmt"
[WARN][2024-12-04 17:08:29] ...lsp/handlers.lua:537	"09:08:29.294 WARNING ⛔️ ShellCheck: disabling linting as no executable was found at path 'shellcheck'"
[START][2024-12-04 17:46:01] LSP logging initiated
[ERROR][2024-12-04 17:46:01] .../vim/lsp/rpc.lua:734	"rpc"	"/Users/sagiring/.local/share/nvim/mason/bin/bash-language-server"	"stderr"	"(node:33213) [DEP0040] DeprecationWarning: The `punycode` module is deprecated. Please use a userland alternative instead.\n(Use `node --trace-deprecation ...` to show where the warning was created)\n"
[WARN][2024-12-04 17:46:01] ...lsp/handlers.lua:537	"09:46:01.195 WARNING ⛔️ Environment variable configuration is being deprecated, please use workspace configuration. The following environment variables were used: shfmt"
[WARN][2024-12-04 17:46:01] ...lsp/handlers.lua:537	"09:46:01.716 WARNING ⛔️ ShellCheck: disabling linting as no executable was found at path 'shellcheck'"
[WARN][2024-12-04 17:46:11] ...lsp/handlers.lua:537	"09:46:11.343 WARNING ⛔️ Error while parsing file:///Users/sagiring/dotfiles/script/script/moa: syntax error"
[WARN][2024-12-04 17:46:11] ...lsp/handlers.lua:537	"09:46:11.491 WARNING ⛔️ Error while parsing file:///Users/sagiring/dotfiles/script/script/moa: syntax error"
[WARN][2024-12-04 17:46:15] ...lsp/handlers.lua:537	"09:46:15.769 WARNING ⛔️ Error while parsing file:///Users/sagiring/dotfiles/script/script/moa: syntax error"
[WARN][2024-12-04 17:46:36] ...lsp/handlers.lua:537	"09:46:36.506 WARNING ⛔️ Error while parsing file:///Users/sagiring/dotfiles/script/script/moa: syntax error"
[START][2024-12-04 17:47:23] LSP logging initiated
[ERROR][2024-12-04 17:47:23] .../vim/lsp/rpc.lua:734	"rpc"	"/Users/sagiring/.local/share/nvim/mason/bin/bash-language-server"	"stderr"	"(node:33520) [DEP0040] DeprecationWarning: The `punycode` module is deprecated. Please use a userland alternative instead.\n(Use `node --trace-deprecation ...` to show where the warning was created)\n"
[WARN][2024-12-04 17:47:23] ...lsp/handlers.lua:537	"09:47:23.591 WARNING ⛔️ Environment variable configuration is being deprecated, please use workspace configuration. The following environment variables were used: shfmt"
[WARN][2024-12-04 17:47:24] ...lsp/handlers.lua:537	"09:47:24.110 WARNING ⛔️ ShellCheck: disabling linting as no executable was found at path 'shellcheck'"
[WARN][2024-12-04 17:47:28] ...lsp/handlers.lua:537	"09:47:28.154 WARNING ⛔️ Error while parsing file:///Users/sagiring/dotfiles/script/script/moa: syntax error"
[START][2024-12-04 17:55:02] LSP logging initiated
[ERROR][2024-12-04 17:55:02] .../vim/lsp/rpc.lua:734	"rpc"	"/Users/sagiring/.local/share/nvim/mason/bin/bash-language-server"	"stderr"	"(node:37720) [DEP0040] DeprecationWarning: The `punycode` module is deprecated. Please use a userland alternative instead.\n(Use `node --trace-deprecation ...` to show where the warning was created)\n"
[WARN][2024-12-04 17:55:02] ...lsp/handlers.lua:537	"09:55:02.990 WARNING ⛔️ Environment variable configuration is being deprecated, please use workspace configuration. The following environment variables were used: shfmt"
[WARN][2024-12-04 17:55:03] ...lsp/handlers.lua:537	"09:55:03.510 WARNING ⛔️ ShellCheck: disabling linting as no executable was found at path 'shellcheck'"
[START][2024-12-04 17:57:10] LSP logging initiated
[ERROR][2024-12-04 17:57:10] .../vim/lsp/rpc.lua:734	"rpc"	"/Users/sagiring/.local/share/nvim/mason/bin/bash-language-server"	"stderr"	"(node:38681) [DEP0040] DeprecationWarning: The `punycode` module is deprecated. Please use a userland alternative instead.\n(Use `node --trace-deprecation ...` to show where the warning was created)\n"
[WARN][2024-12-04 17:57:10] ...lsp/handlers.lua:537	"09:57:10.533 WARNING ⛔️ Environment variable configuration is being deprecated, please use workspace configuration. The following environment variables were used: shfmt"
[WARN][2024-12-04 17:57:11] ...lsp/handlers.lua:537	"09:57:11.049 WARNING ⛔️ ShellCheck: disabling linting as no executable was found at path 'shellcheck'"
[START][2024-12-04 17:57:26] LSP logging initiated
[ERROR][2024-12-04 17:57:26] .../vim/lsp/rpc.lua:734	"rpc"	"/Users/sagiring/.local/share/nvim/mason/bin/bash-language-server"	"stderr"	"(node:38815) [DEP0040] DeprecationWarning: The `punycode` module is deprecated. Please use a userland alternative instead.\n(Use `node --trace-deprecation ...` to show where the warning was created)\n"
[WARN][2024-12-04 17:57:26] ...lsp/handlers.lua:537	"09:57:26.970 WARNING ⛔️ Environment variable configuration is being deprecated, please use workspace configuration. The following environment variables were used: shfmt"
[WARN][2024-12-04 17:57:27] ...lsp/handlers.lua:537	"09:57:27.485 WARNING ⛔️ ShellCheck: disabling linting as no executable was found at path 'shellcheck'"
[START][2024-12-20 11:35:27] LSP logging initiated
[ERROR][2024-12-20 11:35:27] .../vim/lsp/rpc.lua:734	"rpc"	"/Users/sagiring/.local/share/nvim/mason/bin/bash-language-server"	"stderr"	"(node:28340) [DEP0040] DeprecationWarning: The `punycode` module is deprecated. Please use a userland alternative instead.\n(Use `node --trace-deprecation ...` to show where the warning was created)\n"
[WARN][2024-12-20 11:35:27] ...lsp/handlers.lua:537	"03:35:27.272 WARNING ⛔️ Environment variable configuration is being deprecated, please use workspace configuration. The following environment variables were used: shfmt"
[WARN][2024-12-20 11:35:27] ...lsp/handlers.lua:537	"03:35:27.794 WARNING ⛔️ ShellCheck: disabling linting as no executable was found at path 'shellcheck'"
[WARN][2024-12-20 11:35:50] ...lsp/handlers.lua:537	"03:35:50.804 WARNING ⛔️ Error while parsing file:///Users/sagiring/dotfiles/script/script/moa: syntax error"
[WARN][2024-12-20 11:35:55] ...lsp/handlers.lua:537	"03:35:55.509 WARNING ⛔️ Error while parsing file:///Users/sagiring/dotfiles/script/script/moa: syntax error"
[WARN][2024-12-20 11:36:02] ...lsp/handlers.lua:537	"03:36:02.370 WARNING ⛔️ Error while parsing file:///Users/sagiring/dotfiles/script/script/moa: syntax error"
[START][2024-12-24 17:01:58] LSP logging initiated
[ERROR][2024-12-24 17:01:58] .../vim/lsp/rpc.lua:734	"rpc"	"/Users/sagiring/.local/share/nvim/mason/bin/bash-language-server"	"stderr"	"(node:5148) [DEP0040] DeprecationWarning: The `punycode` module is deprecated. Please use a userland alternative instead.\n(Use `node --trace-deprecation ...` to show where the warning was created)\n"
[WARN][2024-12-24 17:01:58] ...lsp/handlers.lua:537	"09:01:58.654 WARNING ⛔️ Environment variable configuration is being deprecated, please use workspace configuration. The following environment variables were used: shfmt"
[WARN][2024-12-24 17:01:59] ...lsp/handlers.lua:537	"09:01:59.179 WARNING ⛔️ ShellCheck: disabling linting as no executable was found at path 'shellcheck'"
[START][2025-01-13 16:34:44] LSP logging initiated
[ERROR][2025-01-13 16:34:44] .../vim/lsp/rpc.lua:734	"rpc"	"/Users/sagiring/.local/share/nvim/mason/bin/bash-language-server"	"stderr"	"(node:35171) [DEP0040] DeprecationWarning: The `punycode` module is deprecated. Please use a userland alternative instead.\n(Use `node --trace-deprecation ...` to show where the warning was created)\n"
[WARN][2025-01-13 16:34:44] ...lsp/handlers.lua:537	"08:34:44.316 WARNING ⛔️ Environment variable configuration is being deprecated, please use workspace configuration. The following environment variables were used: shfmt"
[WARN][2025-01-13 16:34:44] ...lsp/handlers.lua:537	"08:34:44.334 WARNING ⛔️ file:///Users/sagiring/.bashrc line 105: failed to resolve path"
[WARN][2025-01-13 16:34:44] ...lsp/handlers.lua:537	"08:34:44.334 WARNING ⛔️ file:///Users/sagiring/.bashrc line 107: failed to resolve path"
[WARN][2025-01-13 16:34:44] ...lsp/handlers.lua:537	"08:34:44.845 WARNING ⛔️ ShellCheck: disabling linting as no executable was found at path 'shellcheck'"
[WARN][2025-01-13 16:34:53] ...lsp/handlers.lua:537	"08:34:53.231 WARNING ⛔️ file:///Users/sagiring/.bashrc line 104: failed to resolve path"
[WARN][2025-01-13 16:34:53] ...lsp/handlers.lua:537	"08:34:53.231 WARNING ⛔️ file:///Users/sagiring/.bashrc line 106: failed to resolve path"
[WARN][2025-01-13 16:34:54] ...lsp/handlers.lua:537	"08:34:54.714 WARNING ⛔️ file:///Users/sagiring/.bashrc line 103: failed to resolve path"
[WARN][2025-01-13 16:34:54] ...lsp/handlers.lua:537	"08:34:54.714 WARNING ⛔️ file:///Users/sagiring/.bashrc line 105: failed to resolve path"
[WARN][2025-01-13 16:34:56] ...lsp/handlers.lua:537	"08:34:56.533 WARNING ⛔️ file:///Users/sagiring/.bashrc line 104: failed to resolve path"
[WARN][2025-01-13 16:34:56] ...lsp/handlers.lua:537	"08:34:56.533 WARNING ⛔️ file:///Users/sagiring/.bashrc line 106: failed to resolve path"
[WARN][2025-01-13 16:34:56] ...lsp/handlers.lua:537	"08:34:56.890 WARNING ⛔️ file:///Users/sagiring/.bashrc line 105: failed to resolve path"
[WARN][2025-01-13 16:34:56] ...lsp/handlers.lua:537	"08:34:56.890 WARNING ⛔️ file:///Users/sagiring/.bashrc line 107: failed to resolve path"
[START][2025-01-13 16:36:35] LSP logging initiated
[ERROR][2025-01-13 16:36:35] .../vim/lsp/rpc.lua:734	"rpc"	"/Users/sagiring/.local/share/nvim/mason/bin/bash-language-server"	"stderr"	"(node:37289) [DEP0040] DeprecationWarning: The `punycode` module is deprecated. Please use a userland alternative instead.\n(Use `node --trace-deprecation ...` to show where the warning was created)\n"
[WARN][2025-01-13 16:36:35] ...lsp/handlers.lua:537	"08:36:35.576 WARNING ⛔️ Environment variable configuration is being deprecated, please use workspace configuration. The following environment variables were used: shfmt"
[WARN][2025-01-13 16:36:35] ...lsp/handlers.lua:537	"08:36:35.593 WARNING ⛔️ file:///Users/sagiring/.bashrc line 105: failed to resolve path"
[WARN][2025-01-13 16:36:35] ...lsp/handlers.lua:537	"08:36:35.593 WARNING ⛔️ file:///Users/sagiring/.bashrc line 107: failed to resolve path"
[WARN][2025-01-13 16:36:36] ...lsp/handlers.lua:537	"08:36:36.098 WARNING ⛔️ ShellCheck: disabling linting as no executable was found at path 'shellcheck'"
[START][2025-01-13 16:40:55] LSP logging initiated
[ERROR][2025-01-13 16:40:55] .../vim/lsp/rpc.lua:734	"rpc"	"/Users/sagiring/.local/share/nvim/mason/bin/bash-language-server"	"stderr"	"(node:40341) [DEP0040] DeprecationWarning: The `punycode` module is deprecated. Please use a userland alternative instead.\n(Use `node --trace-deprecation ...` to show where the warning was created)\n"
[WARN][2025-01-13 16:40:55] ...lsp/handlers.lua:537	"08:40:55.493 WARNING ⛔️ Environment variable configuration is being deprecated, please use workspace configuration. The following environment variables were used: shfmt"
[WARN][2025-01-13 16:40:55] ...lsp/handlers.lua:537	"08:40:55.511 WARNING ⛔️ file:///Users/sagiring/.bashrc line 105: failed to resolve path"
[WARN][2025-01-13 16:40:55] ...lsp/handlers.lua:537	"08:40:55.511 WARNING ⛔️ file:///Users/sagiring/.bashrc line 107: failed to resolve path"
[WARN][2025-01-13 16:40:56] ...lsp/handlers.lua:537	"08:40:56.020 WARNING ⛔️ ShellCheck: disabling linting as no executable was found at path 'shellcheck'"
[WARN][2025-01-13 16:41:25] ...lsp/handlers.lua:537	"08:41:25.087 WARNING ⛔️ file:///Users/sagiring/.bashrc line 105: failed to resolve path"
[WARN][2025-01-13 16:41:25] ...lsp/handlers.lua:537	"08:41:25.087 WARNING ⛔️ file:///Users/sagiring/.bashrc line 107: failed to resolve path"
[WARN][2025-01-13 16:41:25] ...lsp/handlers.lua:537	"08:41:25.094 WARNING ⛔️ file:///opt/homebrew/etc/profile.d/autojump.sh line 20: non-constant source not supported"
[WARN][2025-01-13 16:41:25] ...lsp/handlers.lua:537	"08:41:25.094 WARNING ⛔️ file:///opt/homebrew/etc/profile.d/autojump.sh line 24: non-constant source not supported"
[WARN][2025-01-13 16:41:25] ...lsp/handlers.lua:537	"08:41:25.094 WARNING ⛔️ file:///opt/homebrew/etc/profile.d/autojump.sh line 29: non-constant source not supported"
[WARN][2025-01-13 16:41:26] ...lsp/handlers.lua:537	"08:41:26.688 WARNING ⛔️ file:///Users/sagiring/.bashrc line 105: failed to resolve path"
[WARN][2025-01-13 16:41:26] ...lsp/handlers.lua:537	"08:41:26.688 WARNING ⛔️ file:///Users/sagiring/.bashrc line 107: failed to resolve path"
[WARN][2025-01-13 16:41:48] ...lsp/handlers.lua:537	"08:41:48.042 WARNING ⛔️ file:///Users/sagiring/.bashrc line 105: failed to resolve path"
[WARN][2025-01-13 16:41:48] ...lsp/handlers.lua:537	"08:41:48.042 WARNING ⛔️ file:///Users/sagiring/.bashrc line 107: failed to resolve path"
[WARN][2025-01-13 16:41:49] ...lsp/handlers.lua:537	"08:41:49.396 WARNING ⛔️ file:///Users/sagiring/.bashrc line 105: failed to resolve path"
[WARN][2025-01-13 16:41:49] ...lsp/handlers.lua:537	"08:41:49.396 WARNING ⛔️ file:///Users/sagiring/.bashrc line 107: failed to resolve path"
[WARN][2025-01-13 16:41:49] ...lsp/handlers.lua:537	"08:41:49.509 WARNING ⛔️ file:///Users/sagiring/.bashrc line 105: failed to resolve path"
[WARN][2025-01-13 16:41:49] ...lsp/handlers.lua:537	"08:41:49.509 WARNING ⛔️ file:///Users/sagiring/.bashrc line 107: failed to resolve path"
[START][2025-01-13 16:42:32] LSP logging initiated
[ERROR][2025-01-13 16:42:32] .../vim/lsp/rpc.lua:734	"rpc"	"/Users/sagiring/.local/share/nvim/mason/bin/bash-language-server"	"stderr"	"(node:42087) [DEP0040] DeprecationWarning: The `punycode` module is deprecated. Please use a userland alternative instead.\n(Use `node --trace-deprecation ...` to show where the warning was created)\n"
[WARN][2025-01-13 16:42:32] ...lsp/handlers.lua:537	"08:42:32.540 WARNING ⛔️ Environment variable configuration is being deprecated, please use workspace configuration. The following environment variables were used: shfmt"
[WARN][2025-01-13 16:42:32] ...lsp/handlers.lua:537	"08:42:32.558 WARNING ⛔️ file:///Users/sagiring/.bashrc line 105: failed to resolve path"
[WARN][2025-01-13 16:42:32] ...lsp/handlers.lua:537	"08:42:32.558 WARNING ⛔️ file:///Users/sagiring/.bashrc line 107: failed to resolve path"
[WARN][2025-01-13 16:42:33] ...lsp/handlers.lua:537	"08:42:33.067 WARNING ⛔️ ShellCheck: disabling linting as no executable was found at path 'shellcheck'"
[WARN][2025-01-13 16:43:59] ...lsp/handlers.lua:537	"08:43:59.078 WARNING ⛔️ file:///Users/sagiring/.bashrc line 106: failed to resolve path"
[WARN][2025-01-13 16:43:59] ...lsp/handlers.lua:537	"08:43:59.078 WARNING ⛔️ file:///Users/sagiring/.bashrc line 108: failed to resolve path"
[WARN][2025-01-13 16:43:59] ...lsp/handlers.lua:537	"08:43:59.876 WARNING ⛔️ file:///Users/sagiring/.bashrc line 107: failed to resolve path"
[WARN][2025-01-13 16:43:59] ...lsp/handlers.lua:537	"08:43:59.876 WARNING ⛔️ file:///Users/sagiring/.bashrc line 109: failed to resolve path"
[WARN][2025-01-13 16:44:00] ...lsp/handlers.lua:537	"08:44:00.883 WARNING ⛔️ file:///Users/sagiring/.bashrc line 107: failed to resolve path"
[WARN][2025-01-13 16:44:00] ...lsp/handlers.lua:537	"08:44:00.883 WARNING ⛔️ file:///Users/sagiring/.bashrc line 109: failed to resolve path"
[WARN][2025-01-13 16:44:00] ...lsp/handlers.lua:537	"08:44:00.889 WARNING ⛔️ file:///opt/homebrew/etc/profile.d/autojump.sh line 20: non-constant source not supported"
[WARN][2025-01-13 16:44:00] ...lsp/handlers.lua:537	"08:44:00.889 WARNING ⛔️ file:///opt/homebrew/etc/profile.d/autojump.sh line 24: non-constant source not supported"
[WARN][2025-01-13 16:44:00] ...lsp/handlers.lua:537	"08:44:00.889 WARNING ⛔️ file:///opt/homebrew/etc/profile.d/autojump.sh line 29: non-constant source not supported"
[WARN][2025-01-13 16:44:01] ...lsp/handlers.lua:537	"08:44:01.031 WARNING ⛔️ file:///Users/sagiring/.bashrc line 107: failed to resolve path"
[WARN][2025-01-13 16:44:01] ...lsp/handlers.lua:537	"08:44:01.032 WARNING ⛔️ file:///Users/sagiring/.bashrc line 109: failed to resolve path"
[WARN][2025-01-13 16:44:01] ...lsp/handlers.lua:537	"08:44:01.032 WARNING ⛔️ Error while parsing file:///Users/sagiring/.bashrc: syntax error"
[WARN][2025-01-13 16:44:01] ...lsp/handlers.lua:537	"08:44:01.293 WARNING ⛔️ file:///Users/sagiring/.bashrc line 107: failed to resolve path"
[WARN][2025-01-13 16:44:01] ...lsp/handlers.lua:537	"08:44:01.293 WARNING ⛔️ file:///Users/sagiring/.bashrc line 109: failed to resolve path"
[WARN][2025-01-13 16:44:01] ...lsp/handlers.lua:537	"08:44:01.293 WARNING ⛔️ Error while parsing file:///Users/sagiring/.bashrc: syntax error"
[WARN][2025-01-13 16:44:01] ...lsp/handlers.lua:537	"08:44:01.733 WARNING ⛔️ Error while parsing file:///Users/sagiring/.bashrc: syntax error"
[WARN][2025-01-13 16:44:01] ...lsp/handlers.lua:537	"08:44:01.883 WARNING ⛔️ file:///Users/sagiring/.bashrc line 107: failed to resolve path"
[WARN][2025-01-13 16:44:01] ...lsp/handlers.lua:537	"08:44:01.883 WARNING ⛔️ file:///Users/sagiring/.bashrc line 109: failed to resolve path"
[WARN][2025-01-13 16:44:01] ...lsp/handlers.lua:537	"08:44:01.883 WARNING ⛔️ Error while parsing file:///Users/sagiring/.bashrc: syntax error"
[WARN][2025-01-13 16:44:02] ...lsp/handlers.lua:537	"08:44:02.763 WARNING ⛔️ file:///Users/sagiring/.bashrc line 107: failed to resolve path"
[WARN][2025-01-13 16:44:02] ...lsp/handlers.lua:537	"08:44:02.763 WARNING ⛔️ file:///Users/sagiring/.bashrc line 109: failed to resolve path"
[WARN][2025-01-13 16:44:02] ...lsp/handlers.lua:537	"08:44:02.763 WARNING ⛔️ Error while parsing file:///Users/sagiring/.bashrc: syntax error"
[WARN][2025-01-13 16:44:02] ...lsp/handlers.lua:537	"08:44:02.902 WARNING ⛔️ file:///Users/sagiring/.bashrc line 107: failed to resolve path"
[WARN][2025-01-13 16:44:02] ...lsp/handlers.lua:537	"08:44:02.902 WARNING ⛔️ file:///Users/sagiring/.bashrc line 109: failed to resolve path"
[WARN][2025-01-13 16:44:02] ...lsp/handlers.lua:537	"08:44:02.902 WARNING ⛔️ Error while parsing file:///Users/sagiring/.bashrc: syntax error"
[WARN][2025-01-13 16:44:03] ...lsp/handlers.lua:537	"08:44:03.328 WARNING ⛔️ file:///Users/sagiring/.bashrc line 107: failed to resolve path"
[WARN][2025-01-13 16:44:03] ...lsp/handlers.lua:537	"08:44:03.328 WARNING ⛔️ file:///Users/sagiring/.bashrc line 109: failed to resolve path"
[WARN][2025-01-13 16:44:03] ...lsp/handlers.lua:537	"08:44:03.328 WARNING ⛔️ Error while parsing file:///Users/sagiring/.bashrc: syntax error"
[WARN][2025-01-13 16:44:04] ...lsp/handlers.lua:537	"08:44:04.201 WARNING ⛔️ file:///Users/sagiring/.bashrc line 107: failed to resolve path"
[WARN][2025-01-13 16:44:04] ...lsp/handlers.lua:537	"08:44:04.201 WARNING ⛔️ file:///Users/sagiring/.bashrc line 109: failed to resolve path"
[WARN][2025-01-13 16:44:04] ...lsp/handlers.lua:537	"08:44:04.201 WARNING ⛔️ Error while parsing file:///Users/sagiring/.bashrc: syntax error"
[WARN][2025-01-13 16:44:11] ...lsp/handlers.lua:537	"08:44:11.615 WARNING ⛔️ file:///Users/sagiring/.bashrc line 107: failed to resolve path"
[WARN][2025-01-13 16:44:11] ...lsp/handlers.lua:537	"08:44:11.615 WARNING ⛔️ file:///Users/sagiring/.bashrc line 109: failed to resolve path"
[WARN][2025-01-13 16:44:11] ...lsp/handlers.lua:537	"08:44:11.615 WARNING ⛔️ Error while parsing file:///Users/sagiring/.bashrc: syntax error"
[WARN][2025-01-13 16:44:14] ...lsp/handlers.lua:537	"08:44:14.212 WARNING ⛔️ file:///Users/sagiring/.bashrc line 107: failed to resolve path"
[WARN][2025-01-13 16:44:14] ...lsp/handlers.lua:537	"08:44:14.212 WARNING ⛔️ file:///Users/sagiring/.bashrc line 109: failed to resolve path"
[WARN][2025-01-13 16:44:14] ...lsp/handlers.lua:537	"08:44:14.212 WARNING ⛔️ Error while parsing file:///Users/sagiring/.bashrc: syntax error"
[WARN][2025-01-13 16:44:16] ...lsp/handlers.lua:537	"08:44:16.717 WARNING ⛔️ file:///Users/sagiring/.bashrc line 107: failed to resolve path"
[WARN][2025-01-13 16:44:16] ...lsp/handlers.lua:537	"08:44:16.717 WARNING ⛔️ file:///Users/sagiring/.bashrc line 109: failed to resolve path"
[WARN][2025-01-13 16:44:16] ...lsp/handlers.lua:537	"08:44:16.717 WARNING ⛔️ Error while parsing file:///Users/sagiring/.bashrc: syntax error"
[WARN][2025-01-13 16:44:19] ...lsp/handlers.lua:537	"08:44:19.950 WARNING ⛔️ file:///Users/sagiring/.bashrc line 107: failed to resolve path"
[WARN][2025-01-13 16:44:19] ...lsp/handlers.lua:537	"08:44:19.950 WARNING ⛔️ file:///Users/sagiring/.bashrc line 109: failed to resolve path"
[WARN][2025-01-13 16:44:19] ...lsp/handlers.lua:537	"08:44:19.950 WARNING ⛔️ Error while parsing file:///Users/sagiring/.bashrc: syntax error"
[WARN][2025-01-13 16:44:27] ...lsp/handlers.lua:537	"08:44:27.639 WARNING ⛔️ file:///Users/sagiring/.bashrc line 107: failed to resolve path"
[WARN][2025-01-13 16:44:27] ...lsp/handlers.lua:537	"08:44:27.639 WARNING ⛔️ file:///Users/sagiring/.bashrc line 109: failed to resolve path"
[WARN][2025-01-13 16:44:27] ...lsp/handlers.lua:537	"08:44:27.639 WARNING ⛔️ Error while parsing file:///Users/sagiring/.bashrc: syntax error"
[WARN][2025-01-13 16:44:28] ...lsp/handlers.lua:537	"08:44:28.269 WARNING ⛔️ file:///Users/sagiring/.bashrc line 107: failed to resolve path"
[WARN][2025-01-13 16:44:28] ...lsp/handlers.lua:537	"08:44:28.269 WARNING ⛔️ file:///Users/sagiring/.bashrc line 109: failed to resolve path"
[WARN][2025-01-13 16:44:28] ...lsp/handlers.lua:537	"08:44:28.269 WARNING ⛔️ Error while parsing file:///Users/sagiring/.bashrc: syntax error"
[WARN][2025-01-13 16:44:28] ...lsp/handlers.lua:537	"08:44:28.559 WARNING ⛔️ file:///Users/sagiring/.bashrc line 107: failed to resolve path"
[WARN][2025-01-13 16:44:28] ...lsp/handlers.lua:537	"08:44:28.559 WARNING ⛔️ file:///Users/sagiring/.bashrc line 109: failed to resolve path"
[WARN][2025-01-13 16:44:28] ...lsp/handlers.lua:537	"08:44:28.559 WARNING ⛔️ Error while parsing file:///Users/sagiring/.bashrc: syntax error"
[WARN][2025-01-13 16:44:28] ...lsp/handlers.lua:537	"08:44:28.761 WARNING ⛔️ file:///Users/sagiring/.bashrc line 107: failed to resolve path"
[WARN][2025-01-13 16:44:28] ...lsp/handlers.lua:537	"08:44:28.761 WARNING ⛔️ file:///Users/sagiring/.bashrc line 109: failed to resolve path"
[WARN][2025-01-13 16:44:28] ...lsp/handlers.lua:537	"08:44:28.761 WARNING ⛔️ Error while parsing file:///Users/sagiring/.bashrc: syntax error"
[WARN][2025-01-13 16:44:29] ...lsp/handlers.lua:537	"08:44:28.999 WARNING ⛔️ file:///Users/sagiring/.bashrc line 107: failed to resolve path"
[WARN][2025-01-13 16:44:29] ...lsp/handlers.lua:537	"08:44:28.999 WARNING ⛔️ file:///Users/sagiring/.bashrc line 109: failed to resolve path"
[WARN][2025-01-13 16:44:29] ...lsp/handlers.lua:537	"08:44:28.999 WARNING ⛔️ Error while parsing file:///Users/sagiring/.bashrc: syntax error"
[WARN][2025-01-13 16:44:29] ...lsp/handlers.lua:537	"08:44:29.162 WARNING ⛔️ file:///Users/sagiring/.bashrc line 107: failed to resolve path"
[WARN][2025-01-13 16:44:29] ...lsp/handlers.lua:537	"08:44:29.162 WARNING ⛔️ file:///Users/sagiring/.bashrc line 109: failed to resolve path"
[WARN][2025-01-13 16:44:29] ...lsp/handlers.lua:537	"08:44:29.162 WARNING ⛔️ Error while parsing file:///Users/sagiring/.bashrc: syntax error"
[WARN][2025-01-13 16:44:29] ...lsp/handlers.lua:537	"08:44:29.313 WARNING ⛔️ file:///Users/sagiring/.bashrc line 107: failed to resolve path"
[WARN][2025-01-13 16:44:29] ...lsp/handlers.lua:537	"08:44:29.313 WARNING ⛔️ file:///Users/sagiring/.bashrc line 109: failed to resolve path"
[WARN][2025-01-13 16:44:29] ...lsp/handlers.lua:537	"08:44:29.313 WARNING ⛔️ Error while parsing file:///Users/sagiring/.bashrc: syntax error"
[WARN][2025-01-13 16:44:30] ...lsp/handlers.lua:537	"08:44:30.633 WARNING ⛔️ file:///Users/sagiring/.bashrc line 107: failed to resolve path"
[WARN][2025-01-13 16:44:30] ...lsp/handlers.lua:537	"08:44:30.633 WARNING ⛔️ file:///Users/sagiring/.bashrc line 109: failed to resolve path"
[WARN][2025-01-13 16:44:30] ...lsp/handlers.lua:537	"08:44:30.633 WARNING ⛔️ Error while parsing file:///Users/sagiring/.bashrc: syntax error"
[WARN][2025-01-13 16:44:30] ...lsp/handlers.lua:537	"08:44:30.785 WARNING ⛔️ file:///Users/sagiring/.bashrc line 107: failed to resolve path"
[WARN][2025-01-13 16:44:30] ...lsp/handlers.lua:537	"08:44:30.785 WARNING ⛔️ file:///Users/sagiring/.bashrc line 109: failed to resolve path"
[WARN][2025-01-13 16:44:30] ...lsp/handlers.lua:537	"08:44:30.785 WARNING ⛔️ Error while parsing file:///Users/sagiring/.bashrc: syntax error"
[WARN][2025-01-13 16:44:31] ...lsp/handlers.lua:537	"08:44:31.282 WARNING ⛔️ file:///Users/sagiring/.bashrc line 107: failed to resolve path"
[WARN][2025-01-13 16:44:31] ...lsp/handlers.lua:537	"08:44:31.282 WARNING ⛔️ file:///Users/sagiring/.bashrc line 109: failed to resolve path"
[WARN][2025-01-13 16:44:31] ...lsp/handlers.lua:537	"08:44:31.282 WARNING ⛔️ Error while parsing file:///Users/sagiring/.bashrc: syntax error"
[WARN][2025-01-13 16:44:32] ...lsp/handlers.lua:537	"08:44:32.077 WARNING ⛔️ file:///Users/sagiring/.bashrc line 107: failed to resolve path"
[WARN][2025-01-13 16:44:32] ...lsp/handlers.lua:537	"08:44:32.077 WARNING ⛔️ file:///Users/sagiring/.bashrc line 109: failed to resolve path"
[WARN][2025-01-13 16:44:32] ...lsp/handlers.lua:537	"08:44:32.077 WARNING ⛔️ Error while parsing file:///Users/sagiring/.bashrc: syntax error"
[WARN][2025-01-13 16:44:32] ...lsp/handlers.lua:537	"08:44:32.766 WARNING ⛔️ file:///Users/sagiring/.bashrc line 107: failed to resolve path"
[WARN][2025-01-13 16:44:32] ...lsp/handlers.lua:537	"08:44:32.766 WARNING ⛔️ file:///Users/sagiring/.bashrc line 109: failed to resolve path"
[WARN][2025-01-13 16:44:32] ...lsp/handlers.lua:537	"08:44:32.767 WARNING ⛔️ Error while parsing file:///Users/sagiring/.bashrc: syntax error"
[WARN][2025-01-13 16:44:32] ...lsp/handlers.lua:537	"08:44:32.917 WARNING ⛔️ file:///Users/sagiring/.bashrc line 107: failed to resolve path"
[WARN][2025-01-13 16:44:32] ...lsp/handlers.lua:537	"08:44:32.917 WARNING ⛔️ file:///Users/sagiring/.bashrc line 109: failed to resolve path"
[WARN][2025-01-13 16:44:32] ...lsp/handlers.lua:537	"08:44:32.917 WARNING ⛔️ Error while parsing file:///Users/sagiring/.bashrc: syntax error"
[WARN][2025-01-13 16:44:33] ...lsp/handlers.lua:537	"08:44:33.981 WARNING ⛔️ file:///Users/sagiring/.bashrc line 108: failed to resolve path"
[WARN][2025-01-13 16:44:33] ...lsp/handlers.lua:537	"08:44:33.982 WARNING ⛔️ file:///Users/sagiring/.bashrc line 110: failed to resolve path"
[WARN][2025-01-13 16:44:33] ...lsp/handlers.lua:537	"08:44:33.982 WARNING ⛔️ Error while parsing file:///Users/sagiring/.bashrc: syntax error"
[WARN][2025-01-13 16:44:34] ...lsp/handlers.lua:537	"08:44:34.129 WARNING ⛔️ file:///Users/sagiring/.bashrc line 108: failed to resolve path"
[WARN][2025-01-13 16:44:34] ...lsp/handlers.lua:537	"08:44:34.129 WARNING ⛔️ file:///Users/sagiring/.bashrc line 110: failed to resolve path"
[WARN][2025-01-13 16:44:34] ...lsp/handlers.lua:537	"08:44:34.129 WARNING ⛔️ Error while parsing file:///Users/sagiring/.bashrc: syntax error"
[WARN][2025-01-13 16:44:39] ...lsp/handlers.lua:537	"08:44:39.137 WARNING ⛔️ file:///Users/sagiring/.bashrc line 108: failed to resolve path"
[WARN][2025-01-13 16:44:39] ...lsp/handlers.lua:537	"08:44:39.137 WARNING ⛔️ file:///Users/sagiring/.bashrc line 110: failed to resolve path"
[WARN][2025-01-13 16:44:39] ...lsp/handlers.lua:537	"08:44:39.137 WARNING ⛔️ Error while parsing file:///Users/sagiring/.bashrc: syntax error"
[WARN][2025-01-13 16:44:39] ...lsp/handlers.lua:537	"08:44:39.287 WARNING ⛔️ file:///Users/sagiring/.bashrc line 108: failed to resolve path"
[WARN][2025-01-13 16:44:39] ...lsp/handlers.lua:537	"08:44:39.287 WARNING ⛔️ file:///Users/sagiring/.bashrc line 110: failed to resolve path"
[WARN][2025-01-13 16:44:39] ...lsp/handlers.lua:537	"08:44:39.287 WARNING ⛔️ Error while parsing file:///Users/sagiring/.bashrc: syntax error"
[WARN][2025-01-13 16:44:40] ...lsp/handlers.lua:537	"08:44:40.199 WARNING ⛔️ file:///Users/sagiring/.bashrc line 108: failed to resolve path"
[WARN][2025-01-13 16:44:40] ...lsp/handlers.lua:537	"08:44:40.199 WARNING ⛔️ file:///Users/sagiring/.bashrc line 110: failed to resolve path"
[WARN][2025-01-13 16:44:40] ...lsp/handlers.lua:537	"08:44:40.199 WARNING ⛔️ Error while parsing file:///Users/sagiring/.bashrc: syntax error"
[WARN][2025-01-13 16:44:40] ...lsp/handlers.lua:537	"08:44:40.353 WARNING ⛔️ file:///Users/sagiring/.bashrc line 108: failed to resolve path"
[WARN][2025-01-13 16:44:40] ...lsp/handlers.lua:537	"08:44:40.353 WARNING ⛔️ file:///Users/sagiring/.bashrc line 110: failed to resolve path"
[WARN][2025-01-13 16:44:40] ...lsp/handlers.lua:537	"08:44:40.353 WARNING ⛔️ Error while parsing file:///Users/sagiring/.bashrc: syntax error"
[WARN][2025-01-13 16:44:40] ...lsp/handlers.lua:537	"08:44:40.804 WARNING ⛔️ file:///Users/sagiring/.bashrc line 108: failed to resolve path"
[WARN][2025-01-13 16:44:40] ...lsp/handlers.lua:537	"08:44:40.804 WARNING ⛔️ file:///Users/sagiring/.bashrc line 110: failed to resolve path"
[WARN][2025-01-13 16:44:40] ...lsp/handlers.lua:537	"08:44:40.804 WARNING ⛔️ Error while parsing file:///Users/sagiring/.bashrc: syntax error"
[WARN][2025-01-13 16:44:43] ...lsp/handlers.lua:537	"08:44:43.671 WARNING ⛔️ file:///Users/sagiring/.bashrc line 108: failed to resolve path"
[WARN][2025-01-13 16:44:43] ...lsp/handlers.lua:537	"08:44:43.671 WARNING ⛔️ file:///Users/sagiring/.bashrc line 110: failed to resolve path"
[WARN][2025-01-13 16:44:43] ...lsp/handlers.lua:537	"08:44:43.671 WARNING ⛔️ Error while parsing file:///Users/sagiring/.bashrc: syntax error"
[WARN][2025-01-13 16:44:43] ...lsp/handlers.lua:537	"08:44:43.819 WARNING ⛔️ file:///Users/sagiring/.bashrc line 108: failed to resolve path"
[WARN][2025-01-13 16:44:43] ...lsp/handlers.lua:537	"08:44:43.819 WARNING ⛔️ file:///Users/sagiring/.bashrc line 110: failed to resolve path"
[WARN][2025-01-13 16:44:43] ...lsp/handlers.lua:537	"08:44:43.819 WARNING ⛔️ Error while parsing file:///Users/sagiring/.bashrc: syntax error"
[WARN][2025-01-13 16:44:44] ...lsp/handlers.lua:537	"08:44:44.049 WARNING ⛔️ file:///Users/sagiring/.bashrc line 108: failed to resolve path"
[WARN][2025-01-13 16:44:44] ...lsp/handlers.lua:537	"08:44:44.049 WARNING ⛔️ file:///Users/sagiring/.bashrc line 110: failed to resolve path"
[WARN][2025-01-13 16:44:44] ...lsp/handlers.lua:537	"08:44:44.049 WARNING ⛔️ Error while parsing file:///Users/sagiring/.bashrc: syntax error"
[WARN][2025-01-13 16:44:44] ...lsp/handlers.lua:537	"08:44:44.286 WARNING ⛔️ file:///Users/sagiring/.bashrc line 108: failed to resolve path"
[WARN][2025-01-13 16:44:44] ...lsp/handlers.lua:537	"08:44:44.286 WARNING ⛔️ file:///Users/sagiring/.bashrc line 110: failed to resolve path"
[WARN][2025-01-13 16:44:44] ...lsp/handlers.lua:537	"08:44:44.286 WARNING ⛔️ Error while parsing file:///Users/sagiring/.bashrc: syntax error"
[WARN][2025-01-13 16:44:44] ...lsp/handlers.lua:537	"08:44:44.435 WARNING ⛔️ file:///Users/sagiring/.bashrc line 108: failed to resolve path"
[WARN][2025-01-13 16:44:44] ...lsp/handlers.lua:537	"08:44:44.435 WARNING ⛔️ file:///Users/sagiring/.bashrc line 110: failed to resolve path"
[WARN][2025-01-13 16:44:44] ...lsp/handlers.lua:537	"08:44:44.435 WARNING ⛔️ Error while parsing file:///Users/sagiring/.bashrc: syntax error"
[WARN][2025-01-13 16:44:45] ...lsp/handlers.lua:537	"08:44:45.274 WARNING ⛔️ file:///Users/sagiring/.bashrc line 108: failed to resolve path"
[WARN][2025-01-13 16:44:45] ...lsp/handlers.lua:537	"08:44:45.274 WARNING ⛔️ file:///Users/sagiring/.bashrc line 110: failed to resolve path"
[WARN][2025-01-13 16:44:45] ...lsp/handlers.lua:537	"08:44:45.274 WARNING ⛔️ Error while parsing file:///Users/sagiring/.bashrc: syntax error"
[WARN][2025-01-13 16:44:45] ...lsp/handlers.lua:537	"08:44:45.424 WARNING ⛔️ file:///Users/sagiring/.bashrc line 108: failed to resolve path"
[WARN][2025-01-13 16:44:45] ...lsp/handlers.lua:537	"08:44:45.424 WARNING ⛔️ file:///Users/sagiring/.bashrc line 110: failed to resolve path"
[WARN][2025-01-13 16:44:45] ...lsp/handlers.lua:537	"08:44:45.424 WARNING ⛔️ Error while parsing file:///Users/sagiring/.bashrc: syntax error"
[WARN][2025-01-13 16:44:46] ...lsp/handlers.lua:537	"08:44:46.307 WARNING ⛔️ file:///Users/sagiring/.bashrc line 108: failed to resolve path"
[WARN][2025-01-13 16:44:46] ...lsp/handlers.lua:537	"08:44:46.307 WARNING ⛔️ file:///Users/sagiring/.bashrc line 110: failed to resolve path"
[WARN][2025-01-13 16:44:46] ...lsp/handlers.lua:537	"08:44:46.307 WARNING ⛔️ Error while parsing file:///Users/sagiring/.bashrc: syntax error"
[WARN][2025-01-13 16:44:46] ...lsp/handlers.lua:537	"08:44:46.659 WARNING ⛔️ file:///Users/sagiring/.bashrc line 108: failed to resolve path"
[WARN][2025-01-13 16:44:46] ...lsp/handlers.lua:537	"08:44:46.659 WARNING ⛔️ file:///Users/sagiring/.bashrc line 110: failed to resolve path"
[WARN][2025-01-13 16:44:46] ...lsp/handlers.lua:537	"08:44:46.659 WARNING ⛔️ Error while parsing file:///Users/sagiring/.bashrc: syntax error"
[WARN][2025-01-13 16:44:46] ...lsp/handlers.lua:537	"08:44:46.809 WARNING ⛔️ file:///Users/sagiring/.bashrc line 108: failed to resolve path"
[WARN][2025-01-13 16:44:46] ...lsp/handlers.lua:537	"08:44:46.809 WARNING ⛔️ file:///Users/sagiring/.bashrc line 110: failed to resolve path"
[WARN][2025-01-13 16:44:46] ...lsp/handlers.lua:537	"08:44:46.809 WARNING ⛔️ Error while parsing file:///Users/sagiring/.bashrc: syntax error"
[WARN][2025-01-13 16:44:47] ...lsp/handlers.lua:537	"08:44:47.041 WARNING ⛔️ file:///Users/sagiring/.bashrc line 108: failed to resolve path"
[WARN][2025-01-13 16:44:47] ...lsp/handlers.lua:537	"08:44:47.041 WARNING ⛔️ file:///Users/sagiring/.bashrc line 110: failed to resolve path"
[WARN][2025-01-13 16:44:47] ...lsp/handlers.lua:537	"08:44:47.041 WARNING ⛔️ Error while parsing file:///Users/sagiring/.bashrc: syntax error"
[WARN][2025-01-13 16:44:47] ...lsp/handlers.lua:537	"08:44:47.318 WARNING ⛔️ file:///Users/sagiring/.bashrc line 108: failed to resolve path"
[WARN][2025-01-13 16:44:47] ...lsp/handlers.lua:537	"08:44:47.318 WARNING ⛔️ file:///Users/sagiring/.bashrc line 110: failed to resolve path"
[WARN][2025-01-13 16:44:47] ...lsp/handlers.lua:537	"08:44:47.319 WARNING ⛔️ Error while parsing file:///Users/sagiring/.bashrc: syntax error"
[WARN][2025-01-13 16:44:47] ...lsp/handlers.lua:537	"08:44:47.548 WARNING ⛔️ file:///Users/sagiring/.bashrc line 108: failed to resolve path"
[WARN][2025-01-13 16:44:47] ...lsp/handlers.lua:537	"08:44:47.548 WARNING ⛔️ file:///Users/sagiring/.bashrc line 110: failed to resolve path"
[WARN][2025-01-13 16:44:47] ...lsp/handlers.lua:537	"08:44:47.548 WARNING ⛔️ Error while parsing file:///Users/sagiring/.bashrc: syntax error"
[WARN][2025-01-13 16:44:47] ...lsp/handlers.lua:537	"08:44:47.901 WARNING ⛔️ file:///Users/sagiring/.bashrc line 108: failed to resolve path"
[WARN][2025-01-13 16:44:47] ...lsp/handlers.lua:537	"08:44:47.901 WARNING ⛔️ file:///Users/sagiring/.bashrc line 110: failed to resolve path"
[WARN][2025-01-13 16:44:47] ...lsp/handlers.lua:537	"08:44:47.901 WARNING ⛔️ Error while parsing file:///Users/sagiring/.bashrc: syntax error"
[WARN][2025-01-13 16:44:48] ...lsp/handlers.lua:537	"08:44:48.109 WARNING ⛔️ file:///Users/sagiring/.bashrc line 108: failed to resolve path"
[WARN][2025-01-13 16:44:48] ...lsp/handlers.lua:537	"08:44:48.109 WARNING ⛔️ file:///Users/sagiring/.bashrc line 110: failed to resolve path"
[WARN][2025-01-13 16:44:48] ...lsp/handlers.lua:537	"08:44:48.109 WARNING ⛔️ Error while parsing file:///Users/sagiring/.bashrc: syntax error"
[WARN][2025-01-13 16:44:48] ...lsp/handlers.lua:537	"08:44:48.336 WARNING ⛔️ file:///Users/sagiring/.bashrc line 108: failed to resolve path"
[WARN][2025-01-13 16:44:48] ...lsp/handlers.lua:537	"08:44:48.336 WARNING ⛔️ file:///Users/sagiring/.bashrc line 110: failed to resolve path"
[WARN][2025-01-13 16:44:48] ...lsp/handlers.lua:537	"08:44:48.336 WARNING ⛔️ Error while parsing file:///Users/sagiring/.bashrc: syntax error"
[WARN][2025-01-13 16:44:48] ...lsp/handlers.lua:537	"08:44:48.492 WARNING ⛔️ file:///Users/sagiring/.bashrc line 108: failed to resolve path"
[WARN][2025-01-13 16:44:48] ...lsp/handlers.lua:537	"08:44:48.492 WARNING ⛔️ file:///Users/sagiring/.bashrc line 110: failed to resolve path"
[WARN][2025-01-13 16:44:48] ...lsp/handlers.lua:537	"08:44:48.492 WARNING ⛔️ Error while parsing file:///Users/sagiring/.bashrc: syntax error"
[WARN][2025-01-13 16:44:48] ...lsp/handlers.lua:537	"08:44:48.641 WARNING ⛔️ file:///Users/sagiring/.bashrc line 108: failed to resolve path"
[WARN][2025-01-13 16:44:48] ...lsp/handlers.lua:537	"08:44:48.641 WARNING ⛔️ file:///Users/sagiring/.bashrc line 110: failed to resolve path"
[WARN][2025-01-13 16:44:48] ...lsp/handlers.lua:537	"08:44:48.641 WARNING ⛔️ Error while parsing file:///Users/sagiring/.bashrc: syntax error"
[WARN][2025-01-13 16:44:49] ...lsp/handlers.lua:537	"08:44:49.942 WARNING ⛔️ file:///Users/sagiring/.bashrc line 108: failed to resolve path"
[WARN][2025-01-13 16:44:49] ...lsp/handlers.lua:537	"08:44:49.942 WARNING ⛔️ file:///Users/sagiring/.bashrc line 110: failed to resolve path"
[WARN][2025-01-13 16:44:49] ...lsp/handlers.lua:537	"08:44:49.942 WARNING ⛔️ Error while parsing file:///Users/sagiring/.bashrc: syntax error"
[WARN][2025-01-13 16:44:50] ...lsp/handlers.lua:537	"08:44:50.077 WARNING ⛔️ file:///Users/sagiring/.bashrc line 108: failed to resolve path"
[WARN][2025-01-13 16:44:50] ...lsp/handlers.lua:537	"08:44:50.077 WARNING ⛔️ file:///Users/sagiring/.bashrc line 110: failed to resolve path"
[WARN][2025-01-13 16:44:50] ...lsp/handlers.lua:537	"08:44:50.077 WARNING ⛔️ Error while parsing file:///Users/sagiring/.bashrc: syntax error"
[WARN][2025-01-13 16:44:50] ...lsp/handlers.lua:537	"08:44:50.278 WARNING ⛔️ file:///Users/sagiring/.bashrc line 108: failed to resolve path"
[WARN][2025-01-13 16:44:50] ...lsp/handlers.lua:537	"08:44:50.278 WARNING ⛔️ file:///Users/sagiring/.bashrc line 110: failed to resolve path"
[WARN][2025-01-13 16:44:50] ...lsp/handlers.lua:537	"08:44:50.278 WARNING ⛔️ Error while parsing file:///Users/sagiring/.bashrc: syntax error"
[WARN][2025-01-13 16:44:50] ...lsp/handlers.lua:537	"08:44:50.435 WARNING ⛔️ file:///Users/sagiring/.bashrc line 108: failed to resolve path"
[WARN][2025-01-13 16:44:50] ...lsp/handlers.lua:537	"08:44:50.435 WARNING ⛔️ file:///Users/sagiring/.bashrc line 110: failed to resolve path"
[WARN][2025-01-13 16:44:50] ...lsp/handlers.lua:537	"08:44:50.435 WARNING ⛔️ Error while parsing file:///Users/sagiring/.bashrc: syntax error"
[WARN][2025-01-13 16:44:50] ...lsp/handlers.lua:537	"08:44:50.585 WARNING ⛔️ file:///Users/sagiring/.bashrc line 108: failed to resolve path"
[WARN][2025-01-13 16:44:50] ...lsp/handlers.lua:537	"08:44:50.585 WARNING ⛔️ file:///Users/sagiring/.bashrc line 110: failed to resolve path"
[WARN][2025-01-13 16:44:50] ...lsp/handlers.lua:537	"08:44:50.585 WARNING ⛔️ Error while parsing file:///Users/sagiring/.bashrc: syntax error"
[WARN][2025-01-13 16:44:56] ...lsp/handlers.lua:537	"08:44:56.358 WARNING ⛔️ file:///Users/sagiring/.bashrc line 109: failed to resolve path"
[WARN][2025-01-13 16:44:56] ...lsp/handlers.lua:537	"08:44:56.358 WARNING ⛔️ file:///Users/sagiring/.bashrc line 111: failed to resolve path"
[WARN][2025-01-13 16:44:56] ...lsp/handlers.lua:537	"08:44:56.358 WARNING ⛔️ Error while parsing file:///Users/sagiring/.bashrc: syntax error"
[WARN][2025-01-13 16:44:56] ...lsp/handlers.lua:537	"08:44:56.985 WARNING ⛔️ file:///Users/sagiring/.bashrc line 109: failed to resolve path"
[WARN][2025-01-13 16:44:56] ...lsp/handlers.lua:537	"08:44:56.985 WARNING ⛔️ file:///Users/sagiring/.bashrc line 111: failed to resolve path"
[WARN][2025-01-13 16:44:56] ...lsp/handlers.lua:537	"08:44:56.985 WARNING ⛔️ Error while parsing file:///Users/sagiring/.bashrc: syntax error"
[WARN][2025-01-13 16:44:57] ...lsp/handlers.lua:537	"08:44:57.135 WARNING ⛔️ file:///Users/sagiring/.bashrc line 109: failed to resolve path"
[WARN][2025-01-13 16:44:57] ...lsp/handlers.lua:537	"08:44:57.136 WARNING ⛔️ file:///Users/sagiring/.bashrc line 111: failed to resolve path"
[WARN][2025-01-13 16:44:57] ...lsp/handlers.lua:537	"08:44:57.136 WARNING ⛔️ Error while parsing file:///Users/sagiring/.bashrc: syntax error"
[WARN][2025-01-13 16:44:57] ...lsp/handlers.lua:537	"08:44:57.282 WARNING ⛔️ file:///Users/sagiring/.bashrc line 108: failed to resolve path"
[WARN][2025-01-13 16:44:57] ...lsp/handlers.lua:537	"08:44:57.282 WARNING ⛔️ file:///Users/sagiring/.bashrc line 110: failed to resolve path"
[WARN][2025-01-13 16:44:57] ...lsp/handlers.lua:537	"08:44:57.282 WARNING ⛔️ Error while parsing file:///Users/sagiring/.bashrc: syntax error"
[WARN][2025-01-13 16:45:01] ...lsp/handlers.lua:537	"08:45:01.060 WARNING ⛔️ file:///Users/sagiring/.bashrc line 107: failed to resolve path"
[WARN][2025-01-13 16:45:01] ...lsp/handlers.lua:537	"08:45:01.060 WARNING ⛔️ file:///Users/sagiring/.bashrc line 109: failed to resolve path"
[WARN][2025-01-13 16:45:01] ...lsp/handlers.lua:537	"08:45:01.060 WARNING ⛔️ Error while parsing file:///Users/sagiring/.bashrc: syntax error"
[WARN][2025-01-13 16:45:01] ...lsp/handlers.lua:537	"08:45:01.693 WARNING ⛔️ file:///Users/sagiring/.bashrc line 106: failed to resolve path"
[WARN][2025-01-13 16:45:01] ...lsp/handlers.lua:537	"08:45:01.693 WARNING ⛔️ file:///Users/sagiring/.bashrc line 108: failed to resolve path"
[WARN][2025-01-13 16:45:01] ...lsp/handlers.lua:537	"08:45:01.693 WARNING ⛔️ Error while parsing file:///Users/sagiring/.bashrc: syntax error"
[WARN][2025-01-13 16:45:04] ...lsp/handlers.lua:537	"08:45:04.695 WARNING ⛔️ file:///Users/sagiring/.bashrc line 107: failed to resolve path"
[WARN][2025-01-13 16:45:04] ...lsp/handlers.lua:537	"08:45:04.695 WARNING ⛔️ file:///Users/sagiring/.bashrc line 109: failed to resolve path"
[WARN][2025-01-13 16:45:04] ...lsp/handlers.lua:537	"08:45:04.695 WARNING ⛔️ Error while parsing file:///Users/sagiring/.bashrc: syntax error"
[WARN][2025-01-13 16:45:04] ...lsp/handlers.lua:537	"08:45:04.846 WARNING ⛔️ file:///Users/sagiring/.bashrc line 107: failed to resolve path"
[WARN][2025-01-13 16:45:04] ...lsp/handlers.lua:537	"08:45:04.846 WARNING ⛔️ file:///Users/sagiring/.bashrc line 109: failed to resolve path"
[WARN][2025-01-13 16:45:04] ...lsp/handlers.lua:537	"08:45:04.846 WARNING ⛔️ Error while parsing file:///Users/sagiring/.bashrc: syntax error"
[WARN][2025-01-13 16:45:06] ...lsp/handlers.lua:537	"08:45:06.527 WARNING ⛔️ file:///Users/sagiring/.bashrc line 107: failed to resolve path"
[WARN][2025-01-13 16:45:06] ...lsp/handlers.lua:537	"08:45:06.527 WARNING ⛔️ file:///Users/sagiring/.bashrc line 109: failed to resolve path"
[WARN][2025-01-13 16:45:06] ...lsp/handlers.lua:537	"08:45:06.527 WARNING ⛔️ Error while parsing file:///Users/sagiring/.bashrc: syntax error"
[WARN][2025-01-13 16:45:06] ...lsp/handlers.lua:537	"08:45:06.678 WARNING ⛔️ file:///Users/sagiring/.bashrc line 107: failed to resolve path"
[WARN][2025-01-13 16:45:06] ...lsp/handlers.lua:537	"08:45:06.678 WARNING ⛔️ file:///Users/sagiring/.bashrc line 109: failed to resolve path"
[WARN][2025-01-13 16:45:06] ...lsp/handlers.lua:537	"08:45:06.678 WARNING ⛔️ Error while parsing file:///Users/sagiring/.bashrc: syntax error"
[WARN][2025-01-13 16:45:09] ...lsp/handlers.lua:537	"08:45:08.999 WARNING ⛔️ file:///Users/sagiring/.bashrc line 107: failed to resolve path"
[WARN][2025-01-13 16:45:09] ...lsp/handlers.lua:537	"08:45:08.999 WARNING ⛔️ file:///Users/sagiring/.bashrc line 109: failed to resolve path"
[WARN][2025-01-13 16:45:09] ...lsp/handlers.lua:537	"08:45:08.999 WARNING ⛔️ Error while parsing file:///Users/sagiring/.bashrc: syntax error"
[WARN][2025-01-13 16:45:09] ...lsp/handlers.lua:537	"08:45:09.093 WARNING ⛔️ file:///Users/sagiring/.bashrc line 107: failed to resolve path"
[WARN][2025-01-13 16:45:09] ...lsp/handlers.lua:537	"08:45:09.093 WARNING ⛔️ file:///Users/sagiring/.bashrc line 109: failed to resolve path"
[WARN][2025-01-13 16:45:09] ...lsp/handlers.lua:537	"08:45:09.487 WARNING ⛔️ file:///Users/sagiring/.bashrc line 107: failed to resolve path"
[WARN][2025-01-13 16:45:09] ...lsp/handlers.lua:537	"08:45:09.488 WARNING ⛔️ file:///Users/sagiring/.bashrc line 109: failed to resolve path"
[WARN][2025-01-13 16:45:09] ...lsp/handlers.lua:537	"08:45:09.488 WARNING ⛔️ Error while parsing file:///Users/sagiring/.bashrc: syntax error"
[WARN][2025-01-13 16:45:09] ...lsp/handlers.lua:537	"08:45:09.639 WARNING ⛔️ file:///Users/sagiring/.bashrc line 107: failed to resolve path"
[WARN][2025-01-13 16:45:09] ...lsp/handlers.lua:537	"08:45:09.639 WARNING ⛔️ file:///Users/sagiring/.bashrc line 109: failed to resolve path"
[WARN][2025-01-13 16:45:15] ...lsp/handlers.lua:537	"08:45:15.176 WARNING ⛔️ file:///Users/sagiring/.bashrc line 107: failed to resolve path"
[WARN][2025-01-13 16:45:15] ...lsp/handlers.lua:537	"08:45:15.176 WARNING ⛔️ file:///Users/sagiring/.bashrc line 109: failed to resolve path"
[START][2025-01-13 16:45:32] LSP logging initiated
[ERROR][2025-01-13 16:45:32] .../vim/lsp/rpc.lua:734	"rpc"	"/Users/sagiring/.local/share/nvim/mason/bin/bash-language-server"	"stderr"	"(node:44074) [DEP0040] DeprecationWarning: The `punycode` module is deprecated. Please use a userland alternative instead.\n(Use `node --trace-deprecation ...` to show where the warning was created)\n"
[WARN][2025-01-13 16:45:33] ...lsp/handlers.lua:537	"08:45:33.011 WARNING ⛔️ Environment variable configuration is being deprecated, please use workspace configuration. The following environment variables were used: shfmt"
[WARN][2025-01-13 16:45:33] ...lsp/handlers.lua:537	"08:45:33.030 WARNING ⛔️ file:///Users/sagiring/.bashrc line 107: failed to resolve path"
[WARN][2025-01-13 16:45:33] ...lsp/handlers.lua:537	"08:45:33.030 WARNING ⛔️ file:///Users/sagiring/.bashrc line 109: failed to resolve path"
[WARN][2025-01-13 16:45:33] ...lsp/handlers.lua:537	"08:45:33.536 WARNING ⛔️ ShellCheck: disabling linting as no executable was found at path 'shellcheck'"
[WARN][2025-01-13 16:46:01] ...lsp/handlers.lua:537	"08:46:01.681 WARNING ⛔️ file:///Users/sagiring/.bashrc line 107: failed to resolve path"
[WARN][2025-01-13 16:46:01] ...lsp/handlers.lua:537	"08:46:01.681 WARNING ⛔️ file:///Users/sagiring/.bashrc line 109: failed to resolve path"
[START][2025-01-13 16:46:09] LSP logging initiated
[ERROR][2025-01-13 16:46:09] .../vim/lsp/rpc.lua:734	"rpc"	"/Users/sagiring/.local/share/nvim/mason/bin/bash-language-server"	"stderr"	"(node:44713) [DEP0040] DeprecationWarning: The `punycode` module is deprecated. Please use a userland alternative instead.\n(Use `node --trace-deprecation ...` to show where the warning was created)\n"
[WARN][2025-01-13 16:46:09] ...lsp/handlers.lua:537	"08:46:09.087 WARNING ⛔️ Environment variable configuration is being deprecated, please use workspace configuration. The following environment variables were used: shfmt"
[WARN][2025-01-13 16:46:09] ...lsp/handlers.lua:537	"08:46:09.099 WARNING ⛔️ file:///Users/sagiring/.bashrc line 107: failed to resolve path"
[WARN][2025-01-13 16:46:09] ...lsp/handlers.lua:537	"08:46:09.099 WARNING ⛔️ file:///Users/sagiring/.bashrc line 109: failed to resolve path"
[WARN][2025-01-13 16:46:09] ...lsp/handlers.lua:537	"08:46:09.604 WARNING ⛔️ ShellCheck: disabling linting as no executable was found at path 'shellcheck'"
[WARN][2025-01-13 16:46:27] ...lsp/handlers.lua:537	"08:46:27.350 WARNING ⛔️ file:///Users/sagiring/.bashrc line 107: failed to resolve path"
[WARN][2025-01-13 16:46:27] ...lsp/handlers.lua:537	"08:46:27.351 WARNING ⛔️ file:///Users/sagiring/.bashrc line 109: failed to resolve path"
[WARN][2025-01-13 16:46:28] ...lsp/handlers.lua:537	"08:46:28.653 WARNING ⛔️ file:///Users/sagiring/.bashrc line 107: failed to resolve path"
[WARN][2025-01-13 16:46:28] ...lsp/handlers.lua:537	"08:46:28.653 WARNING ⛔️ file:///Users/sagiring/.bashrc line 109: failed to resolve path"
[START][2025-01-13 16:49:00] LSP logging initiated
[ERROR][2025-01-13 16:49:00] .../vim/lsp/rpc.lua:734	"rpc"	"/Users/sagiring/.local/share/nvim/mason/bin/bash-language-server"	"stderr"	"(node:47669) [DEP0040] DeprecationWarning: The `punycode` module is deprecated. Please use a userland alternative instead.\n(Use `node --trace-deprecation ...` to show where the warning was created)\n"
[WARN][2025-01-13 16:49:00] ...lsp/handlers.lua:537	"08:49:00.458 WARNING ⛔️ Environment variable configuration is being deprecated, please use workspace configuration. The following environment variables were used: shfmt"
[WARN][2025-01-13 16:49:00] ...lsp/handlers.lua:537	"08:49:00.475 WARNING ⛔️ file:///Users/sagiring/.bashrc line 107: failed to resolve path"
[WARN][2025-01-13 16:49:00] ...lsp/handlers.lua:537	"08:49:00.475 WARNING ⛔️ file:///Users/sagiring/.bashrc line 109: failed to resolve path"
[WARN][2025-01-13 16:49:00] ...lsp/handlers.lua:537	"08:49:00.981 WARNING ⛔️ ShellCheck: disabling linting as no executable was found at path 'shellcheck'"
[START][2025-01-13 17:05:02] LSP logging initiated
[ERROR][2025-01-13 17:05:02] .../vim/lsp/rpc.lua:734	"rpc"	"/Users/sagiring/.local/share/nvim/mason/bin/bash-language-server"	"stderr"	"(node:58005) [DEP0040] DeprecationWarning: The `punycode` module is deprecated. Please use a userland alternative instead.\n(Use `node --trace-deprecation ...` to show where the warning was created)\n"
[WARN][2025-01-13 17:05:02] ...lsp/handlers.lua:537	"09:05:02.891 WARNING ⛔️ Environment variable configuration is being deprecated, please use workspace configuration. The following environment variables were used: shfmt"
[WARN][2025-01-13 17:05:03] ...lsp/handlers.lua:537	"09:05:03.413 WARNING ⛔️ ShellCheck: disabling linting as no executable was found at path 'shellcheck'"
[START][2025-01-13 17:05:37] LSP logging initiated
[ERROR][2025-01-13 17:05:37] .../vim/lsp/rpc.lua:734	"rpc"	"/Users/sagiring/.local/share/nvim/mason/bin/bash-language-server"	"stderr"	"(node:58385) [DEP0040] DeprecationWarning: The `punycode` module is deprecated. Please use a userland alternative instead.\n(Use `node --trace-deprecation ...` to show where the warning was created)\n"
[WARN][2025-01-13 17:05:37] ...lsp/handlers.lua:537	"09:05:37.822 WARNING ⛔️ Environment variable configuration is being deprecated, please use workspace configuration. The following environment variables were used: shfmt"
[WARN][2025-01-13 17:05:38] ...lsp/handlers.lua:537	"09:05:38.340 WARNING ⛔️ ShellCheck: disabling linting as no executable was found at path 'shellcheck'"
[START][2025-01-13 17:06:21] LSP logging initiated
[ERROR][2025-01-13 17:06:21] .../vim/lsp/rpc.lua:734	"rpc"	"/Users/sagiring/.local/share/nvim/mason/bin/bash-language-server"	"stderr"	"(node:58975) [DEP0040] DeprecationWarning: The `punycode` module is deprecated. Please use a userland alternative instead.\n(Use `node --trace-deprecation ...` to show where the warning was created)\n"
[WARN][2025-01-13 17:06:21] ...lsp/handlers.lua:537	"09:06:21.987 WARNING ⛔️ Environment variable configuration is being deprecated, please use workspace configuration. The following environment variables were used: shfmt"
[WARN][2025-01-13 17:06:22] ...lsp/handlers.lua:537	"09:06:22.512 WARNING ⛔️ ShellCheck: disabling linting as no executable was found at path 'shellcheck'"
[START][2025-01-13 17:15:31] LSP logging initiated
[ERROR][2025-01-13 17:15:31] .../vim/lsp/rpc.lua:734	"rpc"	"/Users/sagiring/.local/share/nvim/mason/bin/bash-language-server"	"stderr"	"(node:64883) [DEP0040] DeprecationWarning: The `punycode` module is deprecated. Please use a userland alternative instead.\n(Use `node --trace-deprecation ...` to show where the warning was created)\n"
[WARN][2025-01-13 17:15:31] ...lsp/handlers.lua:537	"09:15:31.243 WARNING ⛔️ Environment variable configuration is being deprecated, please use workspace configuration. The following environment variables were used: shfmt"
[WARN][2025-01-13 17:15:31] ...lsp/handlers.lua:537	"09:15:31.765 WARNING ⛔️ ShellCheck: disabling linting as no executable was found at path 'shellcheck'"
[START][2025-01-13 17:15:40] LSP logging initiated
[ERROR][2025-01-13 17:15:40] .../vim/lsp/rpc.lua:734	"rpc"	"/Users/sagiring/.local/share/nvim/mason/bin/bash-language-server"	"stderr"	"(node:65077) [DEP0040] DeprecationWarning: The `punycode` module is deprecated. Please use a userland alternative instead.\n(Use `node --trace-deprecation ...` to show where the warning was created)\n"
[WARN][2025-01-13 17:15:40] ...lsp/handlers.lua:537	"09:15:40.263 WARNING ⛔️ Environment variable configuration is being deprecated, please use workspace configuration. The following environment variables were used: shfmt"
[WARN][2025-01-13 17:15:40] ...lsp/handlers.lua:537	"09:15:40.276 WARNING ⛔️ file:///Users/sagiring/.bashrc line 107: failed to resolve path"
[WARN][2025-01-13 17:15:40] ...lsp/handlers.lua:537	"09:15:40.276 WARNING ⛔️ file:///Users/sagiring/.bashrc line 109: failed to resolve path"
[WARN][2025-01-13 17:15:40] ...lsp/handlers.lua:537	"09:15:40.783 WARNING ⛔️ ShellCheck: disabling linting as no executable was found at path 'shellcheck'"
[WARN][2025-01-13 17:15:47] ...lsp/handlers.lua:537	"09:15:47.777 WARNING ⛔️ file:///Users/sagiring/.bashrc line 107: failed to resolve path"
[WARN][2025-01-13 17:15:47] ...lsp/handlers.lua:537	"09:15:47.777 WARNING ⛔️ file:///Users/sagiring/.bashrc line 109: failed to resolve path"
[WARN][2025-01-13 17:15:47] ...lsp/handlers.lua:537	"09:15:47.777 WARNING ⛔️ Error while parsing file:///Users/sagiring/.bashrc: syntax error"
[WARN][2025-01-13 17:15:51] ...lsp/handlers.lua:537	"09:15:51.795 WARNING ⛔️ file:///Users/sagiring/.bashrc line 107: failed to resolve path"
[WARN][2025-01-13 17:15:51] ...lsp/handlers.lua:537	"09:15:51.795 WARNING ⛔️ file:///Users/sagiring/.bashrc line 109: failed to resolve path"
[WARN][2025-01-13 17:15:51] ...lsp/handlers.lua:537	"09:15:51.795 WARNING ⛔️ Error while parsing file:///Users/sagiring/.bashrc: syntax error"
[WARN][2025-01-13 17:15:51] ...lsp/handlers.lua:537	"09:15:51.947 WARNING ⛔️ file:///Users/sagiring/.bashrc line 107: failed to resolve path"
[WARN][2025-01-13 17:15:51] ...lsp/handlers.lua:537	"09:15:51.947 WARNING ⛔️ file:///Users/sagiring/.bashrc line 109: failed to resolve path"
[WARN][2025-01-13 17:15:51] ...lsp/handlers.lua:537	"09:15:51.947 WARNING ⛔️ Error while parsing file:///Users/sagiring/.bashrc: syntax error"
[WARN][2025-01-13 17:16:02] ...lsp/handlers.lua:537	"09:16:02.901 WARNING ⛔️ file:///Users/sagiring/.bashrc line 107: failed to resolve path"
[WARN][2025-01-13 17:16:02] ...lsp/handlers.lua:537	"09:16:02.901 WARNING ⛔️ file:///Users/sagiring/.bashrc line 109: failed to resolve path"
[WARN][2025-01-13 17:16:02] ...lsp/handlers.lua:537	"09:16:02.901 WARNING ⛔️ Error while parsing file:///Users/sagiring/.bashrc: syntax error"
[WARN][2025-01-13 17:16:02] ...lsp/handlers.lua:537	"09:16:02.908 WARNING ⛔️ file:///opt/homebrew/etc/profile.d/autojump.sh line 20: non-constant source not supported"
[WARN][2025-01-13 17:16:02] ...lsp/handlers.lua:537	"09:16:02.908 WARNING ⛔️ file:///opt/homebrew/etc/profile.d/autojump.sh line 24: non-constant source not supported"
[WARN][2025-01-13 17:16:02] ...lsp/handlers.lua:537	"09:16:02.908 WARNING ⛔️ file:///opt/homebrew/etc/profile.d/autojump.sh line 29: non-constant source not supported"
[WARN][2025-01-13 17:16:03] ...lsp/handlers.lua:537	"09:16:03.050 WARNING ⛔️ file:///Users/sagiring/.bashrc line 107: failed to resolve path"
[WARN][2025-01-13 17:16:03] ...lsp/handlers.lua:537	"09:16:03.050 WARNING ⛔️ file:///Users/sagiring/.bashrc line 109: failed to resolve path"
[WARN][2025-01-13 17:16:03] ...lsp/handlers.lua:537	"09:16:03.050 WARNING ⛔️ Error while parsing file:///Users/sagiring/.bashrc: syntax error"
[WARN][2025-01-13 17:16:03] ...lsp/handlers.lua:537	"09:16:03.604 WARNING ⛔️ file:///Users/sagiring/.bashrc line 107: failed to resolve path"
[WARN][2025-01-13 17:16:03] ...lsp/handlers.lua:537	"09:16:03.604 WARNING ⛔️ file:///Users/sagiring/.bashrc line 109: failed to resolve path"
[WARN][2025-01-13 17:16:03] ...lsp/handlers.lua:537	"09:16:03.604 WARNING ⛔️ Error while parsing file:///Users/sagiring/.bashrc: syntax error"
[WARN][2025-01-13 17:16:03] ...lsp/handlers.lua:537	"09:16:03.753 WARNING ⛔️ file:///Users/sagiring/.bashrc line 107: failed to resolve path"
[WARN][2025-01-13 17:16:03] ...lsp/handlers.lua:537	"09:16:03.753 WARNING ⛔️ file:///Users/sagiring/.bashrc line 109: failed to resolve path"
[WARN][2025-01-13 17:16:03] ...lsp/handlers.lua:537	"09:16:03.753 WARNING ⛔️ Error while parsing file:///Users/sagiring/.bashrc: syntax error"
[START][2025-01-13 17:16:17] LSP logging initiated
[ERROR][2025-01-13 17:16:17] .../vim/lsp/rpc.lua:734	"rpc"	"/Users/sagiring/.local/share/nvim/mason/bin/bash-language-server"	"stderr"	"(node:65488) [DEP0040] DeprecationWarning: The `punycode` module is deprecated. Please use a userland alternative instead.\n(Use `node --trace-deprecation ...` to show where the warning was created)\n"
[WARN][2025-01-13 17:16:17] ...lsp/handlers.lua:537	"09:16:17.932 WARNING ⛔️ Environment variable configuration is being deprecated, please use workspace configuration. The following environment variables were used: shfmt"
[WARN][2025-01-13 17:16:17] ...lsp/handlers.lua:537	"09:16:17.950 WARNING ⛔️ file:///Users/sagiring/.bashrc line 107: failed to resolve path"
[WARN][2025-01-13 17:16:17] ...lsp/handlers.lua:537	"09:16:17.950 WARNING ⛔️ file:///Users/sagiring/.bashrc line 109: failed to resolve path"
[WARN][2025-01-13 17:16:17] ...lsp/handlers.lua:537	"09:16:17.950 WARNING ⛔️ Error while parsing file:///Users/sagiring/.bashrc: syntax error"
[WARN][2025-01-13 17:16:18] ...lsp/handlers.lua:537	"09:16:18.460 WARNING ⛔️ ShellCheck: disabling linting as no executable was found at path 'shellcheck'"
[START][2025-01-13 17:16:48] LSP logging initiated
[ERROR][2025-01-13 17:16:48] .../vim/lsp/rpc.lua:734	"rpc"	"/Users/sagiring/.local/share/nvim/mason/bin/bash-language-server"	"stderr"	"(node:65831) [DEP0040] DeprecationWarning: The `punycode` module is deprecated. Please use a userland alternative instead.\n(Use `node --trace-deprecation ...` to show where the warning was created)\n"
[WARN][2025-01-13 17:16:48] ...lsp/handlers.lua:537	"09:16:48.074 WARNING ⛔️ Environment variable configuration is being deprecated, please use workspace configuration. The following environment variables were used: shfmt"
[WARN][2025-01-13 17:16:48] ...lsp/handlers.lua:537	"09:16:48.087 WARNING ⛔️ file:///Users/sagiring/.bashrc line 107: failed to resolve path"
[WARN][2025-01-13 17:16:48] ...lsp/handlers.lua:537	"09:16:48.087 WARNING ⛔️ file:///Users/sagiring/.bashrc line 109: failed to resolve path"
[WARN][2025-01-13 17:16:48] ...lsp/handlers.lua:537	"09:16:48.087 WARNING ⛔️ Error while parsing file:///Users/sagiring/.bashrc: syntax error"
[WARN][2025-01-13 17:16:48] ...lsp/handlers.lua:537	"09:16:48.594 WARNING ⛔️ ShellCheck: disabling linting as no executable was found at path 'shellcheck'"
[WARN][2025-01-13 17:16:58] ...lsp/handlers.lua:537	"09:16:58.293 WARNING ⛔️ file:///Users/sagiring/.bashrc line 107: failed to resolve path"
[WARN][2025-01-13 17:16:58] ...lsp/handlers.lua:537	"09:16:58.293 WARNING ⛔️ file:///Users/sagiring/.bashrc line 109: failed to resolve path"
[WARN][2025-01-13 17:16:58] ...lsp/handlers.lua:537	"09:16:58.293 WARNING ⛔️ Error while parsing file:///Users/sagiring/.bashrc: syntax error"
[START][2025-01-13 17:17:03] LSP logging initiated
[ERROR][2025-01-13 17:17:03] .../vim/lsp/rpc.lua:734	"rpc"	"/Users/sagiring/.local/share/nvim/mason/bin/bash-language-server"	"stderr"	"(node:66114) [DEP0040] DeprecationWarning: The `punycode` module is deprecated. Please use a userland alternative instead.\n(Use `node --trace-deprecation ...` to show where the warning was created)\n"
[WARN][2025-01-13 17:17:03] ...lsp/handlers.lua:537	"09:17:03.890 WARNING ⛔️ Environment variable configuration is being deprecated, please use workspace configuration. The following environment variables were used: shfmt"
[WARN][2025-01-13 17:17:03] ...lsp/handlers.lua:537	"09:17:03.903 WARNING ⛔️ file:///Users/sagiring/.bashrc line 107: failed to resolve path"
[WARN][2025-01-13 17:17:03] ...lsp/handlers.lua:537	"09:17:03.903 WARNING ⛔️ file:///Users/sagiring/.bashrc line 109: failed to resolve path"
[WARN][2025-01-13 17:17:03] ...lsp/handlers.lua:537	"09:17:03.903 WARNING ⛔️ Error while parsing file:///Users/sagiring/.bashrc: syntax error"
[WARN][2025-01-13 17:17:04] ...lsp/handlers.lua:537	"09:17:04.410 WARNING ⛔️ ShellCheck: disabling linting as no executable was found at path 'shellcheck'"
[WARN][2025-01-13 17:17:06] ...lsp/handlers.lua:537	"09:17:06.912 WARNING ⛔️ file:///Users/sagiring/.bashrc line 107: failed to resolve path"
[WARN][2025-01-13 17:17:06] ...lsp/handlers.lua:537	"09:17:06.912 WARNING ⛔️ file:///Users/sagiring/.bashrc line 109: failed to resolve path"
[WARN][2025-01-13 17:17:06] ...lsp/handlers.lua:537	"09:17:06.912 WARNING ⛔️ Error while parsing file:///Users/sagiring/.bashrc: syntax error"
[WARN][2025-01-13 17:17:08] ...lsp/handlers.lua:537	"09:17:08.737 WARNING ⛔️ file:///Users/sagiring/.bashrc line 107: failed to resolve path"
[WARN][2025-01-13 17:17:08] ...lsp/handlers.lua:537	"09:17:08.737 WARNING ⛔️ file:///Users/sagiring/.bashrc line 109: failed to resolve path"
[WARN][2025-01-13 17:17:08] ...lsp/handlers.lua:537	"09:17:08.737 WARNING ⛔️ Error while parsing file:///Users/sagiring/.bashrc: syntax error"
[START][2025-01-13 17:17:16] LSP logging initiated
[ERROR][2025-01-13 17:17:16] .../vim/lsp/rpc.lua:734	"rpc"	"/Users/sagiring/.local/share/nvim/mason/bin/bash-language-server"	"stderr"	"(node:66343) [DEP0040] DeprecationWarning: The `punycode` module is deprecated. Please use a userland alternative instead.\n(Use `node --trace-deprecation ...` to show where the warning was created)\n"
[WARN][2025-01-13 17:17:16] ...lsp/handlers.lua:537	"09:17:16.043 WARNING ⛔️ Environment variable configuration is being deprecated, please use workspace configuration. The following environment variables were used: shfmt"
[WARN][2025-01-13 17:17:16] ...lsp/handlers.lua:537	"09:17:16.055 WARNING ⛔️ file:///Users/sagiring/.bashrc line 107: failed to resolve path"
[WARN][2025-01-13 17:17:16] ...lsp/handlers.lua:537	"09:17:16.055 WARNING ⛔️ file:///Users/sagiring/.bashrc line 109: failed to resolve path"
[WARN][2025-01-13 17:17:16] ...lsp/handlers.lua:537	"09:17:16.055 WARNING ⛔️ Error while parsing file:///Users/sagiring/.bashrc: syntax error"
[WARN][2025-01-13 17:17:16] ...lsp/handlers.lua:537	"09:17:16.563 WARNING ⛔️ ShellCheck: disabling linting as no executable was found at path 'shellcheck'"
[WARN][2025-01-13 17:17:44] ...lsp/handlers.lua:537	"09:17:44.655 WARNING ⛔️ file:///Users/sagiring/.bashrc line 107: failed to resolve path"
[WARN][2025-01-13 17:17:44] ...lsp/handlers.lua:537	"09:17:44.655 WARNING ⛔️ file:///Users/sagiring/.bashrc line 109: failed to resolve path"
[WARN][2025-01-13 17:17:44] ...lsp/handlers.lua:537	"09:17:44.655 WARNING ⛔️ Error while parsing file:///Users/sagiring/.bashrc: syntax error"
[WARN][2025-01-13 17:17:47] ...lsp/handlers.lua:537	"09:17:47.289 WARNING ⛔️ file:///Users/sagiring/.bashrc line 107: failed to resolve path"
[WARN][2025-01-13 17:17:47] ...lsp/handlers.lua:537	"09:17:47.289 WARNING ⛔️ file:///Users/sagiring/.bashrc line 109: failed to resolve path"
[WARN][2025-01-13 17:17:47] ...lsp/handlers.lua:537	"09:17:47.289 WARNING ⛔️ Error while parsing file:///Users/sagiring/.bashrc: syntax error"
[WARN][2025-01-13 17:18:00] ...lsp/handlers.lua:537	"09:18:00.486 WARNING ⛔️ file:///Users/sagiring/.bashrc line 107: failed to resolve path"
[WARN][2025-01-13 17:18:00] ...lsp/handlers.lua:537	"09:18:00.486 WARNING ⛔️ file:///Users/sagiring/.bashrc line 109: failed to resolve path"
[WARN][2025-01-13 17:18:00] ...lsp/handlers.lua:537	"09:18:00.486 WARNING ⛔️ Error while parsing file:///Users/sagiring/.bashrc: syntax error"
[WARN][2025-01-13 17:18:14] ...lsp/handlers.lua:537	"09:18:14.869 WARNING ⛔️ file:///Users/sagiring/.bashrc line 107: failed to resolve path"
[WARN][2025-01-13 17:18:14] ...lsp/handlers.lua:537	"09:18:14.869 WARNING ⛔️ file:///Users/sagiring/.bashrc line 109: failed to resolve path"
[WARN][2025-01-13 17:18:14] ...lsp/handlers.lua:537	"09:18:14.869 WARNING ⛔️ Error while parsing file:///Users/sagiring/.bashrc: syntax error"
[WARN][2025-01-13 17:18:14] ...lsp/handlers.lua:537	"09:18:14.874 WARNING ⛔️ file:///opt/homebrew/etc/profile.d/autojump.sh line 20: non-constant source not supported"
[WARN][2025-01-13 17:18:14] ...lsp/handlers.lua:537	"09:18:14.874 WARNING ⛔️ file:///opt/homebrew/etc/profile.d/autojump.sh line 24: non-constant source not supported"
[WARN][2025-01-13 17:18:14] ...lsp/handlers.lua:537	"09:18:14.874 WARNING ⛔️ file:///opt/homebrew/etc/profile.d/autojump.sh line 29: non-constant source not supported"
[START][2025-01-13 17:18:21] LSP logging initiated
[ERROR][2025-01-13 17:18:21] .../vim/lsp/rpc.lua:734	"rpc"	"/Users/sagiring/.local/share/nvim/mason/bin/bash-language-server"	"stderr"	"(node:66987) [DEP0040] DeprecationWarning: The `punycode` module is deprecated. Please use a userland alternative instead.\n(Use `node --trace-deprecation ...` to show where the warning was created)\n"
[WARN][2025-01-13 17:18:21] ...lsp/handlers.lua:537	"09:18:21.382 WARNING ⛔️ Environment variable configuration is being deprecated, please use workspace configuration. The following environment variables were used: shfmt"
[WARN][2025-01-13 17:18:21] ...lsp/handlers.lua:537	"09:18:21.394 WARNING ⛔️ file:///Users/sagiring/.bashrc line 107: failed to resolve path"
[WARN][2025-01-13 17:18:21] ...lsp/handlers.lua:537	"09:18:21.394 WARNING ⛔️ file:///Users/sagiring/.bashrc line 109: failed to resolve path"
[WARN][2025-01-13 17:18:21] ...lsp/handlers.lua:537	"09:18:21.395 WARNING ⛔️ Error while parsing file:///Users/sagiring/.bashrc: syntax error"
[WARN][2025-01-13 17:18:21] ...lsp/handlers.lua:537	"09:18:21.901 WARNING ⛔️ ShellCheck: disabling linting as no executable was found at path 'shellcheck'"
[WARN][2025-01-13 17:18:23] ...lsp/handlers.lua:537	"09:18:23.545 WARNING ⛔️ file:///Users/sagiring/.bashrc line 108: failed to resolve path"
[WARN][2025-01-13 17:18:23] ...lsp/handlers.lua:537	"09:18:23.546 WARNING ⛔️ file:///Users/sagiring/.bashrc line 110: failed to resolve path"
[WARN][2025-01-13 17:18:23] ...lsp/handlers.lua:537	"09:18:23.546 WARNING ⛔️ Error while parsing file:///Users/sagiring/.bashrc: syntax error"
[WARN][2025-01-13 17:18:23] ...lsp/handlers.lua:537	"09:18:23.903 WARNING ⛔️ file:///Users/sagiring/.bashrc line 108: failed to resolve path"
[WARN][2025-01-13 17:18:23] ...lsp/handlers.lua:537	"09:18:23.903 WARNING ⛔️ file:///Users/sagiring/.bashrc line 110: failed to resolve path"
[WARN][2025-01-13 17:18:23] ...lsp/handlers.lua:537	"09:18:23.903 WARNING ⛔️ Error while parsing file:///Users/sagiring/.bashrc: syntax error"
[WARN][2025-01-13 17:18:23] ...lsp/handlers.lua:537	"09:18:23.909 WARNING ⛔️ file:///opt/homebrew/etc/profile.d/autojump.sh line 20: non-constant source not supported"
[WARN][2025-01-13 17:18:23] ...lsp/handlers.lua:537	"09:18:23.909 WARNING ⛔️ file:///opt/homebrew/etc/profile.d/autojump.sh line 24: non-constant source not supported"
[WARN][2025-01-13 17:18:23] ...lsp/handlers.lua:537	"09:18:23.909 WARNING ⛔️ file:///opt/homebrew/etc/profile.d/autojump.sh line 29: non-constant source not supported"
[WARN][2025-01-13 17:18:24] ...lsp/handlers.lua:537	"09:18:24.050 WARNING ⛔️ file:///Users/sagiring/.bashrc line 108: failed to resolve path"
[WARN][2025-01-13 17:18:24] ...lsp/handlers.lua:537	"09:18:24.050 WARNING ⛔️ file:///Users/sagiring/.bashrc line 110: failed to resolve path"
[WARN][2025-01-13 17:18:24] ...lsp/handlers.lua:537	"09:18:24.050 WARNING ⛔️ Error while parsing file:///Users/sagiring/.bashrc: syntax error"
[WARN][2025-01-13 17:18:24] ...lsp/handlers.lua:537	"09:18:24.613 WARNING ⛔️ file:///Users/sagiring/.bashrc line 108: failed to resolve path"
[WARN][2025-01-13 17:18:24] ...lsp/handlers.lua:537	"09:18:24.613 WARNING ⛔️ file:///Users/sagiring/.bashrc line 110: failed to resolve path"
[WARN][2025-01-13 17:18:24] ...lsp/handlers.lua:537	"09:18:24.613 WARNING ⛔️ Error while parsing file:///Users/sagiring/.bashrc: syntax error"
[WARN][2025-01-13 17:18:24] ...lsp/handlers.lua:537	"09:18:24.788 WARNING ⛔️ file:///Users/sagiring/.bashrc line 108: failed to resolve path"
[WARN][2025-01-13 17:18:24] ...lsp/handlers.lua:537	"09:18:24.788 WARNING ⛔️ file:///Users/sagiring/.bashrc line 110: failed to resolve path"
[WARN][2025-01-13 17:18:24] ...lsp/handlers.lua:537	"09:18:24.788 WARNING ⛔️ Error while parsing file:///Users/sagiring/.bashrc: syntax error"
[WARN][2025-01-13 17:18:25] ...lsp/handlers.lua:537	"09:18:25.522 WARNING ⛔️ file:///Users/sagiring/.bashrc line 108: failed to resolve path"
[WARN][2025-01-13 17:18:25] ...lsp/handlers.lua:537	"09:18:25.522 WARNING ⛔️ file:///Users/sagiring/.bashrc line 110: failed to resolve path"
[WARN][2025-01-13 17:18:25] ...lsp/handlers.lua:537	"09:18:25.522 WARNING ⛔️ Error while parsing file:///Users/sagiring/.bashrc: syntax error"
[WARN][2025-01-13 17:18:26] ...lsp/handlers.lua:537	"09:18:26.405 WARNING ⛔️ file:///Users/sagiring/.bashrc line 108: failed to resolve path"
[WARN][2025-01-13 17:18:26] ...lsp/handlers.lua:537	"09:18:26.405 WARNING ⛔️ file:///Users/sagiring/.bashrc line 110: failed to resolve path"
[WARN][2025-01-13 17:18:26] ...lsp/handlers.lua:537	"09:18:26.405 WARNING ⛔️ Error while parsing file:///Users/sagiring/.bashrc: syntax error"
[WARN][2025-01-13 17:18:26] ...lsp/handlers.lua:537	"09:18:26.553 WARNING ⛔️ file:///Users/sagiring/.bashrc line 108: failed to resolve path"
[WARN][2025-01-13 17:18:26] ...lsp/handlers.lua:537	"09:18:26.553 WARNING ⛔️ file:///Users/sagiring/.bashrc line 110: failed to resolve path"
[WARN][2025-01-13 17:18:26] ...lsp/handlers.lua:537	"09:18:26.553 WARNING ⛔️ Error while parsing file:///Users/sagiring/.bashrc: syntax error"
[WARN][2025-01-13 17:18:27] ...lsp/handlers.lua:537	"09:18:27.761 WARNING ⛔️ file:///Users/sagiring/.bashrc line 108: failed to resolve path"
[WARN][2025-01-13 17:18:27] ...lsp/handlers.lua:537	"09:18:27.761 WARNING ⛔️ file:///Users/sagiring/.bashrc line 110: failed to resolve path"
[WARN][2025-01-13 17:18:27] ...lsp/handlers.lua:537	"09:18:27.761 WARNING ⛔️ Error while parsing file:///Users/sagiring/.bashrc: syntax error"
[WARN][2025-01-13 17:18:28] ...lsp/handlers.lua:537	"09:18:28.373 WARNING ⛔️ file:///Users/sagiring/.bashrc line 108: failed to resolve path"
[WARN][2025-01-13 17:18:28] ...lsp/handlers.lua:537	"09:18:28.373 WARNING ⛔️ file:///Users/sagiring/.bashrc line 110: failed to resolve path"
[WARN][2025-01-13 17:18:28] ...lsp/handlers.lua:537	"09:18:28.373 WARNING ⛔️ Error while parsing file:///Users/sagiring/.bashrc: syntax error"
[WARN][2025-01-13 17:18:28] ...lsp/handlers.lua:537	"09:18:28.375 WARNING ⛔️ file:///Users/sagiring/.bashrc line 108: failed to resolve path"
[WARN][2025-01-13 17:18:28] ...lsp/handlers.lua:537	"09:18:28.375 WARNING ⛔️ file:///Users/sagiring/.bashrc line 110: failed to resolve path"
[WARN][2025-01-13 17:18:28] ...lsp/handlers.lua:537	"09:18:28.375 WARNING ⛔️ Error while parsing file:///Users/sagiring/.bashrc: syntax error"
[WARN][2025-01-13 17:18:28] ...lsp/handlers.lua:537	"09:18:28.900 WARNING ⛔️ file:///Users/sagiring/.bashrc line 109: failed to resolve path"
[WARN][2025-01-13 17:18:28] ...lsp/handlers.lua:537	"09:18:28.900 WARNING ⛔️ file:///Users/sagiring/.bashrc line 111: failed to resolve path"
[WARN][2025-01-13 17:18:28] ...lsp/handlers.lua:537	"09:18:28.900 WARNING ⛔️ Error while parsing file:///Users/sagiring/.bashrc: syntax error"
[WARN][2025-01-13 17:18:29] ...lsp/handlers.lua:537	"09:18:29.050 WARNING ⛔️ file:///Users/sagiring/.bashrc line 110: failed to resolve path"
[WARN][2025-01-13 17:18:29] ...lsp/handlers.lua:537	"09:18:29.050 WARNING ⛔️ file:///Users/sagiring/.bashrc line 112: failed to resolve path"
[WARN][2025-01-13 17:18:29] ...lsp/handlers.lua:537	"09:18:29.050 WARNING ⛔️ Error while parsing file:///Users/sagiring/.bashrc: syntax error"
[WARN][2025-01-13 17:18:31] ...lsp/handlers.lua:537	"09:18:31.949 WARNING ⛔️ file:///Users/sagiring/.bashrc line 110: failed to resolve path"
[WARN][2025-01-13 17:18:31] ...lsp/handlers.lua:537	"09:18:31.949 WARNING ⛔️ file:///Users/sagiring/.bashrc line 112: failed to resolve path"
[WARN][2025-01-13 17:18:31] ...lsp/handlers.lua:537	"09:18:31.950 WARNING ⛔️ Error while parsing file:///Users/sagiring/.bashrc: syntax error"
[WARN][2025-01-13 17:18:32] ...lsp/handlers.lua:537	"09:18:32.098 WARNING ⛔️ file:///Users/sagiring/.bashrc line 110: failed to resolve path"
[WARN][2025-01-13 17:18:32] ...lsp/handlers.lua:537	"09:18:32.098 WARNING ⛔️ file:///Users/sagiring/.bashrc line 112: failed to resolve path"
[WARN][2025-01-13 17:18:32] ...lsp/handlers.lua:537	"09:18:32.098 WARNING ⛔️ Error while parsing file:///Users/sagiring/.bashrc: syntax error"
[WARN][2025-01-13 17:18:35] ...lsp/handlers.lua:537	"09:18:35.956 WARNING ⛔️ file:///Users/sagiring/.bashrc line 109: failed to resolve path"
[WARN][2025-01-13 17:18:35] ...lsp/handlers.lua:537	"09:18:35.956 WARNING ⛔️ file:///Users/sagiring/.bashrc line 111: failed to resolve path"
[WARN][2025-01-13 17:18:35] ...lsp/handlers.lua:537	"09:18:35.956 WARNING ⛔️ Error while parsing file:///Users/sagiring/.bashrc: syntax error"
[WARN][2025-01-13 17:18:37] ...lsp/handlers.lua:537	"09:18:37.036 WARNING ⛔️ file:///Users/sagiring/.bashrc line 108: failed to resolve path"
[WARN][2025-01-13 17:18:37] ...lsp/handlers.lua:537	"09:18:37.036 WARNING ⛔️ file:///Users/sagiring/.bashrc line 110: failed to resolve path"
[WARN][2025-01-13 17:18:37] ...lsp/handlers.lua:537	"09:18:37.036 WARNING ⛔️ Error while parsing file:///Users/sagiring/.bashrc: syntax error"
[WARN][2025-01-13 17:18:37] ...lsp/handlers.lua:537	"09:18:37.703 WARNING ⛔️ file:///Users/sagiring/.bashrc line 107: failed to resolve path"
[WARN][2025-01-13 17:18:37] ...lsp/handlers.lua:537	"09:18:37.703 WARNING ⛔️ file:///Users/sagiring/.bashrc line 109: failed to resolve path"
[WARN][2025-01-13 17:18:37] ...lsp/handlers.lua:537	"09:18:37.703 WARNING ⛔️ Error while parsing file:///Users/sagiring/.bashrc: syntax error"
[WARN][2025-01-13 17:18:54] ...lsp/handlers.lua:537	"09:18:54.682 WARNING ⛔️ file:///Users/sagiring/.bashrc line 108: failed to resolve path"
[WARN][2025-01-13 17:18:54] ...lsp/handlers.lua:537	"09:18:54.682 WARNING ⛔️ file:///Users/sagiring/.bashrc line 110: failed to resolve path"
[WARN][2025-01-13 17:18:54] ...lsp/handlers.lua:537	"09:18:54.682 WARNING ⛔️ Error while parsing file:///Users/sagiring/.bashrc: syntax error"
[WARN][2025-01-13 17:18:56] ...lsp/handlers.lua:537	"09:18:56.505 WARNING ⛔️ file:///Users/sagiring/.bashrc line 107: failed to resolve path"
[WARN][2025-01-13 17:18:56] ...lsp/handlers.lua:537	"09:18:56.505 WARNING ⛔️ file:///Users/sagiring/.bashrc line 109: failed to resolve path"
[WARN][2025-01-13 17:18:56] ...lsp/handlers.lua:537	"09:18:56.505 WARNING ⛔️ Error while parsing file:///Users/sagiring/.bashrc: syntax error"
[WARN][2025-01-13 17:19:00] ...lsp/handlers.lua:537	"09:19:00.234 WARNING ⛔️ file:///Users/sagiring/.bashrc line 108: failed to resolve path"
[WARN][2025-01-13 17:19:00] ...lsp/handlers.lua:537	"09:19:00.234 WARNING ⛔️ file:///Users/sagiring/.bashrc line 110: failed to resolve path"
[WARN][2025-01-13 17:19:00] ...lsp/handlers.lua:537	"09:19:00.234 WARNING ⛔️ Error while parsing file:///Users/sagiring/.bashrc: syntax error"
[WARN][2025-01-13 17:19:00] ...lsp/handlers.lua:537	"09:19:00.385 WARNING ⛔️ file:///Users/sagiring/.bashrc line 108: failed to resolve path"
[WARN][2025-01-13 17:19:00] ...lsp/handlers.lua:537	"09:19:00.385 WARNING ⛔️ file:///Users/sagiring/.bashrc line 110: failed to resolve path"
[WARN][2025-01-13 17:19:00] ...lsp/handlers.lua:537	"09:19:00.385 WARNING ⛔️ Error while parsing file:///Users/sagiring/.bashrc: syntax error"
[WARN][2025-01-13 17:19:03] ...lsp/handlers.lua:537	"09:19:03.396 WARNING ⛔️ file:///Users/sagiring/.bashrc line 109: failed to resolve path"
[WARN][2025-01-13 17:19:03] ...lsp/handlers.lua:537	"09:19:03.396 WARNING ⛔️ file:///Users/sagiring/.bashrc line 111: failed to resolve path"
[WARN][2025-01-13 17:19:03] ...lsp/handlers.lua:537	"09:19:03.546 WARNING ⛔️ file:///Users/sagiring/.bashrc line 109: failed to resolve path"
[WARN][2025-01-13 17:19:03] ...lsp/handlers.lua:537	"09:19:03.546 WARNING ⛔️ file:///Users/sagiring/.bashrc line 111: failed to resolve path"
[WARN][2025-01-13 17:19:15] ...lsp/handlers.lua:537	"09:19:15.528 WARNING ⛔️ file:///Users/sagiring/.bashrc line 109: failed to resolve path"
[WARN][2025-01-13 17:19:15] ...lsp/handlers.lua:537	"09:19:15.528 WARNING ⛔️ file:///Users/sagiring/.bashrc line 111: failed to resolve path"
[WARN][2025-01-13 17:19:15] ...lsp/handlers.lua:537	"09:19:15.674 WARNING ⛔️ file:///Users/sagiring/.bashrc line 109: failed to resolve path"
[WARN][2025-01-13 17:19:15] ...lsp/handlers.lua:537	"09:19:15.674 WARNING ⛔️ file:///Users/sagiring/.bashrc line 111: failed to resolve path"
[WARN][2025-01-13 17:19:15] ...lsp/handlers.lua:537	"09:19:15.878 WARNING ⛔️ file:///Users/sagiring/.bashrc line 109: failed to resolve path"
[WARN][2025-01-13 17:19:15] ...lsp/handlers.lua:537	"09:19:15.878 WARNING ⛔️ file:///Users/sagiring/.bashrc line 111: failed to resolve path"
[WARN][2025-01-13 17:19:16] ...lsp/handlers.lua:537	"09:19:16.026 WARNING ⛔️ file:///Users/sagiring/.bashrc line 109: failed to resolve path"
[WARN][2025-01-13 17:19:16] ...lsp/handlers.lua:537	"09:19:16.026 WARNING ⛔️ file:///Users/sagiring/.bashrc line 111: failed to resolve path"
[WARN][2025-01-13 17:19:19] ...lsp/handlers.lua:537	"09:19:19.426 WARNING ⛔️ file:///Users/sagiring/.bashrc line 109: failed to resolve path"
[WARN][2025-01-13 17:19:19] ...lsp/handlers.lua:537	"09:19:19.426 WARNING ⛔️ file:///Users/sagiring/.bashrc line 111: failed to resolve path"
[WARN][2025-01-13 17:19:20] ...lsp/handlers.lua:537	"09:19:20.139 WARNING ⛔️ file:///Users/sagiring/.bashrc line 109: failed to resolve path"
[WARN][2025-01-13 17:19:20] ...lsp/handlers.lua:537	"09:19:20.139 WARNING ⛔️ file:///Users/sagiring/.bashrc line 111: failed to resolve path"
[START][2025-01-13 17:24:19] LSP logging initiated
[ERROR][2025-01-13 17:24:19] .../vim/lsp/rpc.lua:734	"rpc"	"/Users/sagiring/.local/share/nvim/mason/bin/bash-language-server"	"stderr"	"(node:70817) [DEP0040] DeprecationWarning: The `punycode` module is deprecated. Please use a userland alternative instead.\n(Use `node --trace-deprecation ...` to show where the warning was created)\n"
[WARN][2025-01-13 17:24:19] ...lsp/handlers.lua:537	"09:24:19.270 WARNING ⛔️ Environment variable configuration is being deprecated, please use workspace configuration. The following environment variables were used: shfmt"
[WARN][2025-01-13 17:24:19] ...lsp/handlers.lua:537	"09:24:19.288 WARNING ⛔️ file:///Users/sagiring/.bashrc line 109: failed to resolve path"
[WARN][2025-01-13 17:24:19] ...lsp/handlers.lua:537	"09:24:19.288 WARNING ⛔️ file:///Users/sagiring/.bashrc line 111: failed to resolve path"
[WARN][2025-01-13 17:24:19] ...lsp/handlers.lua:537	"09:24:19.794 WARNING ⛔️ ShellCheck: disabling linting as no executable was found at path 'shellcheck'"
[START][2025-01-13 17:24:36] LSP logging initiated
[ERROR][2025-01-13 17:24:36] .../vim/lsp/rpc.lua:734	"rpc"	"/Users/sagiring/.local/share/nvim/mason/bin/bash-language-server"	"stderr"	"(node:71055) [DEP0040] DeprecationWarning: The `punycode` module is deprecated. Please use a userland alternative instead.\n(Use `node --trace-deprecation ...` to show where the warning was created)\n"
[WARN][2025-01-13 17:24:36] ...lsp/handlers.lua:537	"09:24:36.400 WARNING ⛔️ Environment variable configuration is being deprecated, please use workspace configuration. The following environment variables were used: shfmt"
[WARN][2025-01-13 17:24:36] ...lsp/handlers.lua:537	"09:24:36.921 WARNING ⛔️ ShellCheck: disabling linting as no executable was found at path 'shellcheck'"
[START][2025-01-13 17:27:09] LSP logging initiated
[ERROR][2025-01-13 17:27:09] .../vim/lsp/rpc.lua:734	"rpc"	"/Users/sagiring/.local/share/nvim/mason/bin/bash-language-server"	"stderr"	"(node:72699) [DEP0040] DeprecationWarning: The `punycode` module is deprecated. Please use a userland alternative instead.\n(Use `node --trace-deprecation ...` to show where the warning was created)\n"
[WARN][2025-01-13 17:27:09] ...lsp/handlers.lua:537	"09:27:09.963 WARNING ⛔️ Environment variable configuration is being deprecated, please use workspace configuration. The following environment variables were used: shfmt"
[WARN][2025-01-13 17:27:09] ...lsp/handlers.lua:537	"09:27:09.980 WARNING ⛔️ file:///Users/sagiring/.bashrc line 109: failed to resolve path"
[WARN][2025-01-13 17:27:09] ...lsp/handlers.lua:537	"09:27:09.980 WARNING ⛔️ file:///Users/sagiring/.bashrc line 111: failed to resolve path"
[WARN][2025-01-13 17:27:10] ...lsp/handlers.lua:537	"09:27:10.489 WARNING ⛔️ ShellCheck: disabling linting as no executable was found at path 'shellcheck'"
[START][2025-01-13 17:27:25] LSP logging initiated
[ERROR][2025-01-13 17:27:25] .../vim/lsp/rpc.lua:734	"rpc"	"/Users/sagiring/.local/share/nvim/mason/bin/bash-language-server"	"stderr"	"(node:72921) [DEP0040] DeprecationWarning: The `punycode` module is deprecated. Please use a userland alternative instead.\n(Use `node --trace-deprecation ...` to show where the warning was created)\n"
[WARN][2025-01-13 17:27:25] ...lsp/handlers.lua:537	"09:27:25.076 WARNING ⛔️ Environment variable configuration is being deprecated, please use workspace configuration. The following environment variables were used: shfmt"
[WARN][2025-01-13 17:27:25] ...lsp/handlers.lua:537	"09:27:25.595 WARNING ⛔️ ShellCheck: disabling linting as no executable was found at path 'shellcheck'"
[START][2025-01-13 17:27:34] LSP logging initiated
[ERROR][2025-01-13 17:27:34] .../vim/lsp/rpc.lua:734	"rpc"	"/Users/sagiring/.local/share/nvim/mason/bin/bash-language-server"	"stderr"	"(node:73112) [DEP0040] DeprecationWarning: The `punycode` module is deprecated. Please use a userland alternative instead.\n(Use `node --trace-deprecation ...` to show where the warning was created)\n"
[WARN][2025-01-13 17:27:34] ...lsp/handlers.lua:537	"09:27:34.241 WARNING ⛔️ Environment variable configuration is being deprecated, please use workspace configuration. The following environment variables were used: shfmt"
[WARN][2025-01-13 17:27:34] ...lsp/handlers.lua:537	"09:27:34.253 WARNING ⛔️ file:///Users/sagiring/.bashrc line 109: failed to resolve path"
[WARN][2025-01-13 17:27:34] ...lsp/handlers.lua:537	"09:27:34.253 WARNING ⛔️ file:///Users/sagiring/.bashrc line 111: failed to resolve path"
[WARN][2025-01-13 17:27:34] ...lsp/handlers.lua:537	"09:27:34.760 WARNING ⛔️ ShellCheck: disabling linting as no executable was found at path 'shellcheck'"
[WARN][2025-01-13 17:27:37] ...lsp/handlers.lua:537	"09:27:37.913 WARNING ⛔️ file:///Users/sagiring/.bashrc line 110: failed to resolve path"
[WARN][2025-01-13 17:27:37] ...lsp/handlers.lua:537	"09:27:37.913 WARNING ⛔️ file:///Users/sagiring/.bashrc line 112: failed to resolve path"
[WARN][2025-01-13 17:27:38] ...lsp/handlers.lua:537	"09:27:38.577 WARNING ⛔️ file:///Users/sagiring/.bashrc line 110: failed to resolve path"
[WARN][2025-01-13 17:27:38] ...lsp/handlers.lua:537	"09:27:38.577 WARNING ⛔️ file:///Users/sagiring/.bashrc line 112: failed to resolve path"
[WARN][2025-01-13 17:27:39] ...lsp/handlers.lua:537	"09:27:39.415 WARNING ⛔️ file:///Users/sagiring/.bashrc line 110: failed to resolve path"
[WARN][2025-01-13 17:27:39] ...lsp/handlers.lua:537	"09:27:39.415 WARNING ⛔️ file:///Users/sagiring/.bashrc line 112: failed to resolve path"
[WARN][2025-01-13 17:27:39] ...lsp/handlers.lua:537	"09:27:39.668 WARNING ⛔️ file:///Users/sagiring/.bashrc line 110: failed to resolve path"
[WARN][2025-01-13 17:27:39] ...lsp/handlers.lua:537	"09:27:39.668 WARNING ⛔️ file:///Users/sagiring/.bashrc line 112: failed to resolve path"
[WARN][2025-01-13 17:27:39] ...lsp/handlers.lua:537	"09:27:39.815 WARNING ⛔️ file:///Users/sagiring/.bashrc line 110: failed to resolve path"
[WARN][2025-01-13 17:27:39] ...lsp/handlers.lua:537	"09:27:39.815 WARNING ⛔️ file:///Users/sagiring/.bashrc line 112: failed to resolve path"
[WARN][2025-01-13 17:27:39] ...lsp/handlers.lua:537	"09:27:39.865 WARNING ⛔️ file:///Users/sagiring/.bashrc line 110: failed to resolve path"
[WARN][2025-01-13 17:27:39] ...lsp/handlers.lua:537	"09:27:39.865 WARNING ⛔️ file:///Users/sagiring/.bashrc line 112: failed to resolve path"
[WARN][2025-01-13 17:27:39] ...lsp/handlers.lua:537	"09:27:39.965 WARNING ⛔️ file:///Users/sagiring/.bashrc line 110: failed to resolve path"
[WARN][2025-01-13 17:27:39] ...lsp/handlers.lua:537	"09:27:39.965 WARNING ⛔️ file:///Users/sagiring/.bashrc line 112: failed to resolve path"
[WARN][2025-01-13 17:27:40] ...lsp/handlers.lua:537	"09:27:40.117 WARNING ⛔️ file:///Users/sagiring/.bashrc line 109: failed to resolve path"
[WARN][2025-01-13 17:27:40] ...lsp/handlers.lua:537	"09:27:40.117 WARNING ⛔️ file:///Users/sagiring/.bashrc line 111: failed to resolve path"
[WARN][2025-01-13 17:27:40] ...lsp/handlers.lua:537	"09:27:40.133 WARNING ⛔️ file:///Users/sagiring/.bashrc line 109: failed to resolve path"
[WARN][2025-01-13 17:27:40] ...lsp/handlers.lua:537	"09:27:40.133 WARNING ⛔️ file:///Users/sagiring/.bashrc line 111: failed to resolve path"
[WARN][2025-01-13 17:27:40] ...lsp/handlers.lua:537	"09:27:40.198 WARNING ⛔️ file:///Users/sagiring/.bashrc line 109: failed to resolve path"
[WARN][2025-01-13 17:27:40] ...lsp/handlers.lua:537	"09:27:40.198 WARNING ⛔️ file:///Users/sagiring/.bashrc line 111: failed to resolve path"
[WARN][2025-01-13 17:27:40] ...lsp/handlers.lua:537	"09:27:40.349 WARNING ⛔️ file:///Users/sagiring/.bashrc line 109: failed to resolve path"
[WARN][2025-01-13 17:27:40] ...lsp/handlers.lua:537	"09:27:40.349 WARNING ⛔️ file:///Users/sagiring/.bashrc line 111: failed to resolve path"
[WARN][2025-01-13 17:27:41] ...lsp/handlers.lua:537	"09:27:41.929 WARNING ⛔️ file:///Users/sagiring/.bashrc line 109: failed to resolve path"
[WARN][2025-01-13 17:27:41] ...lsp/handlers.lua:537	"09:27:41.929 WARNING ⛔️ file:///Users/sagiring/.bashrc line 111: failed to resolve path"
[WARN][2025-01-13 17:27:42] ...lsp/handlers.lua:537	"09:27:42.448 WARNING ⛔️ file:///Users/sagiring/.bashrc line 109: failed to resolve path"
[WARN][2025-01-13 17:27:42] ...lsp/handlers.lua:537	"09:27:42.448 WARNING ⛔️ file:///Users/sagiring/.bashrc line 111: failed to resolve path"
[WARN][2025-01-13 17:27:43] ...lsp/handlers.lua:537	"09:27:43.140 WARNING ⛔️ file:///Users/sagiring/.bashrc line 109: failed to resolve path"
[WARN][2025-01-13 17:27:43] ...lsp/handlers.lua:537	"09:27:43.140 WARNING ⛔️ file:///Users/sagiring/.bashrc line 111: failed to resolve path"
[WARN][2025-01-13 17:27:43] ...lsp/handlers.lua:537	"09:27:43.264 WARNING ⛔️ file:///Users/sagiring/.bashrc line 109: failed to resolve path"
[WARN][2025-01-13 17:27:43] ...lsp/handlers.lua:537	"09:27:43.265 WARNING ⛔️ file:///Users/sagiring/.bashrc line 111: failed to resolve path"
[WARN][2025-01-13 17:27:43] ...lsp/handlers.lua:537	"09:27:43.418 WARNING ⛔️ file:///Users/sagiring/.bashrc line 109: failed to resolve path"
[WARN][2025-01-13 17:27:43] ...lsp/handlers.lua:537	"09:27:43.418 WARNING ⛔️ file:///Users/sagiring/.bashrc line 111: failed to resolve path"
[WARN][2025-01-13 17:27:45] ...lsp/handlers.lua:537	"09:27:45.956 WARNING ⛔️ file:///Users/sagiring/.bashrc line 110: failed to resolve path"
[WARN][2025-01-13 17:27:45] ...lsp/handlers.lua:537	"09:27:45.956 WARNING ⛔️ file:///Users/sagiring/.bashrc line 112: failed to resolve path"
[WARN][2025-01-13 17:27:46] ...lsp/handlers.lua:537	"09:27:46.106 WARNING ⛔️ file:///Users/sagiring/.bashrc line 109: failed to resolve path"
[WARN][2025-01-13 17:27:46] ...lsp/handlers.lua:537	"09:27:46.106 WARNING ⛔️ file:///Users/sagiring/.bashrc line 111: failed to resolve path"
[WARN][2025-01-13 17:27:57] ...lsp/handlers.lua:537	"09:27:57.407 WARNING ⛔️ file:///Users/sagiring/.bashrc line 110: failed to resolve path"
[WARN][2025-01-13 17:27:57] ...lsp/handlers.lua:537	"09:27:57.407 WARNING ⛔️ file:///Users/sagiring/.bashrc line 112: failed to resolve path"
[WARN][2025-01-13 17:27:59] ...lsp/handlers.lua:537	"09:27:59.549 WARNING ⛔️ file:///Users/sagiring/.bashrc line 110: failed to resolve path"
[WARN][2025-01-13 17:27:59] ...lsp/handlers.lua:537	"09:27:59.549 WARNING ⛔️ file:///Users/sagiring/.bashrc line 112: failed to resolve path"
[WARN][2025-01-13 17:27:59] ...lsp/handlers.lua:537	"09:27:59.903 WARNING ⛔️ file:///Users/sagiring/.bashrc line 110: failed to resolve path"
[WARN][2025-01-13 17:27:59] ...lsp/handlers.lua:537	"09:27:59.903 WARNING ⛔️ file:///Users/sagiring/.bashrc line 112: failed to resolve path"
[WARN][2025-01-13 17:28:00] ...lsp/handlers.lua:537	"09:28:00.230 WARNING ⛔️ file:///Users/sagiring/.bashrc line 110: failed to resolve path"
[WARN][2025-01-13 17:28:00] ...lsp/handlers.lua:537	"09:28:00.230 WARNING ⛔️ file:///Users/sagiring/.bashrc line 112: failed to resolve path"
[WARN][2025-01-13 17:28:00] ...lsp/handlers.lua:537	"09:28:00.379 WARNING ⛔️ file:///Users/sagiring/.bashrc line 110: failed to resolve path"
[WARN][2025-01-13 17:28:00] ...lsp/handlers.lua:537	"09:28:00.379 WARNING ⛔️ file:///Users/sagiring/.bashrc line 112: failed to resolve path"
[WARN][2025-01-13 17:28:00] ...lsp/handlers.lua:537	"09:28:00.563 WARNING ⛔️ file:///Users/sagiring/.bashrc line 110: failed to resolve path"
[WARN][2025-01-13 17:28:00] ...lsp/handlers.lua:537	"09:28:00.563 WARNING ⛔️ file:///Users/sagiring/.bashrc line 112: failed to resolve path"
[WARN][2025-01-13 17:28:00] ...lsp/handlers.lua:537	"09:28:00.735 WARNING ⛔️ file:///Users/sagiring/.bashrc line 110: failed to resolve path"
[WARN][2025-01-13 17:28:00] ...lsp/handlers.lua:537	"09:28:00.735 WARNING ⛔️ file:///Users/sagiring/.bashrc line 112: failed to resolve path"
[WARN][2025-01-13 17:28:01] ...lsp/handlers.lua:537	"09:28:00.996 WARNING ⛔️ file:///Users/sagiring/.bashrc line 110: failed to resolve path"
[WARN][2025-01-13 17:28:01] ...lsp/handlers.lua:537	"09:28:00.996 WARNING ⛔️ file:///Users/sagiring/.bashrc line 112: failed to resolve path"
[WARN][2025-01-13 17:28:01] ...lsp/handlers.lua:537	"09:28:01.547 WARNING ⛔️ file:///Users/sagiring/.bashrc line 110: failed to resolve path"
[WARN][2025-01-13 17:28:01] ...lsp/handlers.lua:537	"09:28:01.547 WARNING ⛔️ file:///Users/sagiring/.bashrc line 112: failed to resolve path"
[WARN][2025-01-13 17:28:02] ...lsp/handlers.lua:537	"09:28:02.541 WARNING ⛔️ file:///Users/sagiring/.bashrc line 110: failed to resolve path"
[WARN][2025-01-13 17:28:02] ...lsp/handlers.lua:537	"09:28:02.541 WARNING ⛔️ file:///Users/sagiring/.bashrc line 112: failed to resolve path"
[WARN][2025-01-13 17:28:02] ...lsp/handlers.lua:537	"09:28:02.761 WARNING ⛔️ file:///Users/sagiring/.bashrc line 110: failed to resolve path"
[WARN][2025-01-13 17:28:02] ...lsp/handlers.lua:537	"09:28:02.761 WARNING ⛔️ file:///Users/sagiring/.bashrc line 112: failed to resolve path"
[WARN][2025-01-13 17:28:03] ...lsp/handlers.lua:537	"09:28:03.045 WARNING ⛔️ file:///Users/sagiring/.bashrc line 110: failed to resolve path"
[WARN][2025-01-13 17:28:03] ...lsp/handlers.lua:537	"09:28:03.045 WARNING ⛔️ file:///Users/sagiring/.bashrc line 112: failed to resolve path"
[WARN][2025-01-13 17:28:03] ...lsp/handlers.lua:537	"09:28:03.794 WARNING ⛔️ file:///Users/sagiring/.bashrc line 110: failed to resolve path"
[WARN][2025-01-13 17:28:03] ...lsp/handlers.lua:537	"09:28:03.795 WARNING ⛔️ file:///Users/sagiring/.bashrc line 112: failed to resolve path"
[WARN][2025-01-13 17:28:04] ...lsp/handlers.lua:537	"09:28:04.036 WARNING ⛔️ file:///Users/sagiring/.bashrc line 110: failed to resolve path"
[WARN][2025-01-13 17:28:04] ...lsp/handlers.lua:537	"09:28:04.036 WARNING ⛔️ file:///Users/sagiring/.bashrc line 112: failed to resolve path"
[WARN][2025-01-13 17:28:04] ...lsp/handlers.lua:537	"09:28:04.486 WARNING ⛔️ file:///Users/sagiring/.bashrc line 110: failed to resolve path"
[WARN][2025-01-13 17:28:04] ...lsp/handlers.lua:537	"09:28:04.486 WARNING ⛔️ file:///Users/sagiring/.bashrc line 112: failed to resolve path"
[WARN][2025-01-13 17:28:04] ...lsp/handlers.lua:537	"09:28:04.740 WARNING ⛔️ file:///Users/sagiring/.bashrc line 110: failed to resolve path"
[WARN][2025-01-13 17:28:04] ...lsp/handlers.lua:537	"09:28:04.740 WARNING ⛔️ file:///Users/sagiring/.bashrc line 112: failed to resolve path"
[WARN][2025-01-13 17:28:05] ...lsp/handlers.lua:537	"09:28:05.072 WARNING ⛔️ file:///Users/sagiring/.bashrc line 110: failed to resolve path"
[WARN][2025-01-13 17:28:05] ...lsp/handlers.lua:537	"09:28:05.072 WARNING ⛔️ file:///Users/sagiring/.bashrc line 112: failed to resolve path"
[WARN][2025-01-13 17:28:05] ...lsp/handlers.lua:537	"09:28:05.221 WARNING ⛔️ file:///Users/sagiring/.bashrc line 110: failed to resolve path"
[WARN][2025-01-13 17:28:05] ...lsp/handlers.lua:537	"09:28:05.221 WARNING ⛔️ file:///Users/sagiring/.bashrc line 112: failed to resolve path"
[WARN][2025-01-13 17:28:05] ...lsp/handlers.lua:537	"09:28:05.370 WARNING ⛔️ file:///Users/sagiring/.bashrc line 110: failed to resolve path"
[WARN][2025-01-13 17:28:05] ...lsp/handlers.lua:537	"09:28:05.370 WARNING ⛔️ file:///Users/sagiring/.bashrc line 112: failed to resolve path"
[WARN][2025-01-13 17:28:06] ...lsp/handlers.lua:537	"09:28:06.241 WARNING ⛔️ file:///Users/sagiring/.bashrc line 110: failed to resolve path"
[WARN][2025-01-13 17:28:06] ...lsp/handlers.lua:537	"09:28:06.241 WARNING ⛔️ file:///Users/sagiring/.bashrc line 112: failed to resolve path"
[WARN][2025-01-13 17:28:06] ...lsp/handlers.lua:537	"09:28:06.894 WARNING ⛔️ file:///Users/sagiring/.bashrc line 110: failed to resolve path"
[WARN][2025-01-13 17:28:06] ...lsp/handlers.lua:537	"09:28:06.894 WARNING ⛔️ file:///Users/sagiring/.bashrc line 112: failed to resolve path"
[WARN][2025-01-13 17:28:07] ...lsp/handlers.lua:537	"09:28:07.583 WARNING ⛔️ file:///Users/sagiring/.bashrc line 110: failed to resolve path"
[WARN][2025-01-13 17:28:07] ...lsp/handlers.lua:537	"09:28:07.583 WARNING ⛔️ file:///Users/sagiring/.bashrc line 112: failed to resolve path"
[WARN][2025-01-13 17:28:07] ...lsp/handlers.lua:537	"09:28:07.735 WARNING ⛔️ file:///Users/sagiring/.bashrc line 110: failed to resolve path"
[WARN][2025-01-13 17:28:07] ...lsp/handlers.lua:537	"09:28:07.736 WARNING ⛔️ file:///Users/sagiring/.bashrc line 112: failed to resolve path"
[WARN][2025-01-13 17:28:08] ...lsp/handlers.lua:537	"09:28:08.025 WARNING ⛔️ file:///Users/sagiring/.bashrc line 110: failed to resolve path"
[WARN][2025-01-13 17:28:08] ...lsp/handlers.lua:537	"09:28:08.025 WARNING ⛔️ file:///Users/sagiring/.bashrc line 112: failed to resolve path"
[WARN][2025-01-13 17:28:08] ...lsp/handlers.lua:537	"09:28:08.560 WARNING ⛔️ file:///Users/sagiring/.bashrc line 110: failed to resolve path"
[WARN][2025-01-13 17:28:08] ...lsp/handlers.lua:537	"09:28:08.560 WARNING ⛔️ file:///Users/sagiring/.bashrc line 112: failed to resolve path"
[WARN][2025-01-13 17:28:09] ...lsp/handlers.lua:537	"09:28:09.337 WARNING ⛔️ file:///Users/sagiring/.bashrc line 110: failed to resolve path"
[WARN][2025-01-13 17:28:09] ...lsp/handlers.lua:537	"09:28:09.337 WARNING ⛔️ file:///Users/sagiring/.bashrc line 112: failed to resolve path"
[WARN][2025-01-13 17:28:09] ...lsp/handlers.lua:537	"09:28:09.486 WARNING ⛔️ file:///Users/sagiring/.bashrc line 110: failed to resolve path"
[WARN][2025-01-13 17:28:09] ...lsp/handlers.lua:537	"09:28:09.486 WARNING ⛔️ file:///Users/sagiring/.bashrc line 112: failed to resolve path"
[WARN][2025-01-13 17:28:09] ...lsp/handlers.lua:537	"09:28:09.758 WARNING ⛔️ file:///Users/sagiring/.bashrc line 110: failed to resolve path"
[WARN][2025-01-13 17:28:09] ...lsp/handlers.lua:537	"09:28:09.758 WARNING ⛔️ file:///Users/sagiring/.bashrc line 112: failed to resolve path"
[WARN][2025-01-13 17:28:10] ...lsp/handlers.lua:537	"09:28:10.369 WARNING ⛔️ file:///Users/sagiring/.bashrc line 110: failed to resolve path"
[WARN][2025-01-13 17:28:10] ...lsp/handlers.lua:537	"09:28:10.369 WARNING ⛔️ file:///Users/sagiring/.bashrc line 112: failed to resolve path"
[WARN][2025-01-13 17:28:10] ...lsp/handlers.lua:537	"09:28:10.517 WARNING ⛔️ file:///Users/sagiring/.bashrc line 110: failed to resolve path"
[WARN][2025-01-13 17:28:10] ...lsp/handlers.lua:537	"09:28:10.517 WARNING ⛔️ file:///Users/sagiring/.bashrc line 112: failed to resolve path"
[WARN][2025-01-13 17:28:10] ...lsp/handlers.lua:537	"09:28:10.829 WARNING ⛔️ file:///Users/sagiring/.bashrc line 110: failed to resolve path"
[WARN][2025-01-13 17:28:10] ...lsp/handlers.lua:537	"09:28:10.829 WARNING ⛔️ file:///Users/sagiring/.bashrc line 112: failed to resolve path"
[WARN][2025-01-13 17:28:11] ...lsp/handlers.lua:537	"09:28:11.499 WARNING ⛔️ file:///Users/sagiring/.bashrc line 110: failed to resolve path"
[WARN][2025-01-13 17:28:11] ...lsp/handlers.lua:537	"09:28:11.499 WARNING ⛔️ file:///Users/sagiring/.bashrc line 112: failed to resolve path"
[WARN][2025-01-13 17:28:11] ...lsp/handlers.lua:537	"09:28:11.893 WARNING ⛔️ file:///Users/sagiring/.bashrc line 110: failed to resolve path"
[WARN][2025-01-13 17:28:11] ...lsp/handlers.lua:537	"09:28:11.893 WARNING ⛔️ file:///Users/sagiring/.bashrc line 112: failed to resolve path"
[WARN][2025-01-13 17:28:14] ...lsp/handlers.lua:537	"09:28:14.192 WARNING ⛔️ file:///Users/sagiring/.bashrc line 110: failed to resolve path"
[WARN][2025-01-13 17:28:14] ...lsp/handlers.lua:537	"09:28:14.192 WARNING ⛔️ file:///Users/sagiring/.bashrc line 112: failed to resolve path"
[WARN][2025-01-13 17:28:14] ...lsp/handlers.lua:537	"09:28:14.344 WARNING ⛔️ file:///Users/sagiring/.bashrc line 110: failed to resolve path"
[WARN][2025-01-13 17:28:14] ...lsp/handlers.lua:537	"09:28:14.344 WARNING ⛔️ file:///Users/sagiring/.bashrc line 112: failed to resolve path"
[WARN][2025-01-13 17:28:14] ...lsp/handlers.lua:537	"09:28:14.494 WARNING ⛔️ file:///Users/sagiring/.bashrc line 110: failed to resolve path"
[WARN][2025-01-13 17:28:14] ...lsp/handlers.lua:537	"09:28:14.495 WARNING ⛔️ file:///Users/sagiring/.bashrc line 112: failed to resolve path"
[WARN][2025-01-13 17:28:15] ...lsp/handlers.lua:537	"09:28:15.851 WARNING ⛔️ file:///Users/sagiring/.bashrc line 110: failed to resolve path"
[WARN][2025-01-13 17:28:15] ...lsp/handlers.lua:537	"09:28:15.851 WARNING ⛔️ file:///Users/sagiring/.bashrc line 112: failed to resolve path"
[WARN][2025-01-13 17:28:16] ...lsp/handlers.lua:537	"09:28:16.002 WARNING ⛔️ file:///Users/sagiring/.bashrc line 110: failed to resolve path"
[WARN][2025-01-13 17:28:16] ...lsp/handlers.lua:537	"09:28:16.002 WARNING ⛔️ file:///Users/sagiring/.bashrc line 112: failed to resolve path"
[WARN][2025-01-13 17:28:16] ...lsp/handlers.lua:537	"09:28:16.286 WARNING ⛔️ file:///Users/sagiring/.bashrc line 110: failed to resolve path"
[WARN][2025-01-13 17:28:16] ...lsp/handlers.lua:537	"09:28:16.286 WARNING ⛔️ file:///Users/sagiring/.bashrc line 112: failed to resolve path"
[WARN][2025-01-13 17:28:42] ...lsp/handlers.lua:537	"09:28:42.763 WARNING ⛔️ file:///Users/sagiring/.bashrc line 110: failed to resolve path"
[WARN][2025-01-13 17:28:42] ...lsp/handlers.lua:537	"09:28:42.764 WARNING ⛔️ file:///Users/sagiring/.bashrc line 112: failed to resolve path"
[WARN][2025-01-13 17:28:42] ...lsp/handlers.lua:537	"09:28:42.944 WARNING ⛔️ file:///Users/sagiring/.bashrc line 110: failed to resolve path"
[WARN][2025-01-13 17:28:42] ...lsp/handlers.lua:537	"09:28:42.944 WARNING ⛔️ file:///Users/sagiring/.bashrc line 112: failed to resolve path"
[WARN][2025-01-13 17:28:43] ...lsp/handlers.lua:537	"09:28:43.090 WARNING ⛔️ file:///Users/sagiring/.bashrc line 110: failed to resolve path"
[WARN][2025-01-13 17:28:43] ...lsp/handlers.lua:537	"09:28:43.090 WARNING ⛔️ file:///Users/sagiring/.bashrc line 112: failed to resolve path"
[WARN][2025-01-13 17:28:43] ...lsp/handlers.lua:537	"09:28:43.244 WARNING ⛔️ file:///Users/sagiring/.bashrc line 110: failed to resolve path"
[WARN][2025-01-13 17:28:43] ...lsp/handlers.lua:537	"09:28:43.244 WARNING ⛔️ file:///Users/sagiring/.bashrc line 112: failed to resolve path"
[WARN][2025-01-13 17:28:45] ...lsp/handlers.lua:537	"09:28:45.606 WARNING ⛔️ file:///Users/sagiring/.bashrc line 110: failed to resolve path"
[WARN][2025-01-13 17:28:45] ...lsp/handlers.lua:537	"09:28:45.606 WARNING ⛔️ file:///Users/sagiring/.bashrc line 112: failed to resolve path"
[WARN][2025-01-13 17:28:45] ...lsp/handlers.lua:537	"09:28:45.755 WARNING ⛔️ file:///Users/sagiring/.bashrc line 110: failed to resolve path"
[WARN][2025-01-13 17:28:45] ...lsp/handlers.lua:537	"09:28:45.755 WARNING ⛔️ file:///Users/sagiring/.bashrc line 112: failed to resolve path"
[WARN][2025-01-13 17:28:46] ...lsp/handlers.lua:537	"09:28:46.085 WARNING ⛔️ file:///Users/sagiring/.bashrc line 110: failed to resolve path"
[WARN][2025-01-13 17:28:46] ...lsp/handlers.lua:537	"09:28:46.085 WARNING ⛔️ file:///Users/sagiring/.bashrc line 112: failed to resolve path"
[WARN][2025-01-13 17:28:46] ...lsp/handlers.lua:537	"09:28:46.320 WARNING ⛔️ file:///Users/sagiring/.bashrc line 110: failed to resolve path"
[WARN][2025-01-13 17:28:46] ...lsp/handlers.lua:537	"09:28:46.320 WARNING ⛔️ file:///Users/sagiring/.bashrc line 112: failed to resolve path"
[WARN][2025-01-13 17:28:47] ...lsp/handlers.lua:537	"09:28:47.944 WARNING ⛔️ file:///Users/sagiring/.bashrc line 110: failed to resolve path"
[WARN][2025-01-13 17:28:47] ...lsp/handlers.lua:537	"09:28:47.944 WARNING ⛔️ file:///Users/sagiring/.bashrc line 112: failed to resolve path"
[WARN][2025-01-13 17:28:48] ...lsp/handlers.lua:537	"09:28:48.954 WARNING ⛔️ file:///Users/sagiring/.bashrc line 110: failed to resolve path"
[WARN][2025-01-13 17:28:48] ...lsp/handlers.lua:537	"09:28:48.954 WARNING ⛔️ file:///Users/sagiring/.bashrc line 112: failed to resolve path"
[WARN][2025-01-13 17:28:49] ...lsp/handlers.lua:537	"09:28:49.104 WARNING ⛔️ file:///Users/sagiring/.bashrc line 110: failed to resolve path"
[WARN][2025-01-13 17:28:49] ...lsp/handlers.lua:537	"09:28:49.104 WARNING ⛔️ file:///Users/sagiring/.bashrc line 112: failed to resolve path"
[WARN][2025-01-13 17:28:50] ...lsp/handlers.lua:537	"09:28:50.425 WARNING ⛔️ file:///Users/sagiring/.bashrc line 110: failed to resolve path"
[WARN][2025-01-13 17:28:50] ...lsp/handlers.lua:537	"09:28:50.425 WARNING ⛔️ file:///Users/sagiring/.bashrc line 112: failed to resolve path"
[WARN][2025-01-13 17:28:50] ...lsp/handlers.lua:537	"09:28:50.572 WARNING ⛔️ file:///Users/sagiring/.bashrc line 110: failed to resolve path"
[WARN][2025-01-13 17:28:50] ...lsp/handlers.lua:537	"09:28:50.572 WARNING ⛔️ file:///Users/sagiring/.bashrc line 112: failed to resolve path"
[WARN][2025-01-13 17:28:51] ...lsp/handlers.lua:537	"09:28:51.263 WARNING ⛔️ file:///Users/sagiring/.bashrc line 110: failed to resolve path"
[WARN][2025-01-13 17:28:51] ...lsp/handlers.lua:537	"09:28:51.263 WARNING ⛔️ file:///Users/sagiring/.bashrc line 112: failed to resolve path"
[WARN][2025-01-13 17:28:51] ...lsp/handlers.lua:537	"09:28:51.656 WARNING ⛔️ file:///Users/sagiring/.bashrc line 110: failed to resolve path"
[WARN][2025-01-13 17:28:51] ...lsp/handlers.lua:537	"09:28:51.656 WARNING ⛔️ file:///Users/sagiring/.bashrc line 112: failed to resolve path"
[WARN][2025-01-13 17:28:52] ...lsp/handlers.lua:537	"09:28:52.720 WARNING ⛔️ file:///Users/sagiring/.bashrc line 110: failed to resolve path"
[WARN][2025-01-13 17:28:52] ...lsp/handlers.lua:537	"09:28:52.720 WARNING ⛔️ file:///Users/sagiring/.bashrc line 112: failed to resolve path"
[WARN][2025-01-13 17:28:52] ...lsp/handlers.lua:537	"09:28:52.876 WARNING ⛔️ file:///Users/sagiring/.bashrc line 110: failed to resolve path"
[WARN][2025-01-13 17:28:52] ...lsp/handlers.lua:537	"09:28:52.876 WARNING ⛔️ file:///Users/sagiring/.bashrc line 112: failed to resolve path"
[WARN][2025-01-13 17:28:54] ...lsp/handlers.lua:537	"09:28:54.833 WARNING ⛔️ file:///Users/sagiring/.bashrc line 110: failed to resolve path"
[WARN][2025-01-13 17:28:54] ...lsp/handlers.lua:537	"09:28:54.834 WARNING ⛔️ file:///Users/sagiring/.bashrc line 112: failed to resolve path"
[WARN][2025-01-13 17:28:54] ...lsp/handlers.lua:537	"09:28:54.981 WARNING ⛔️ file:///Users/sagiring/.bashrc line 110: failed to resolve path"
[WARN][2025-01-13 17:28:54] ...lsp/handlers.lua:537	"09:28:54.981 WARNING ⛔️ file:///Users/sagiring/.bashrc line 112: failed to resolve path"
[WARN][2025-01-13 17:28:55] ...lsp/handlers.lua:537	"09:28:55.136 WARNING ⛔️ file:///Users/sagiring/.bashrc line 110: failed to resolve path"
[WARN][2025-01-13 17:28:55] ...lsp/handlers.lua:537	"09:28:55.136 WARNING ⛔️ file:///Users/sagiring/.bashrc line 112: failed to resolve path"
[WARN][2025-01-13 17:28:56] ...lsp/handlers.lua:537	"09:28:56.356 WARNING ⛔️ file:///Users/sagiring/.bashrc line 110: failed to resolve path"
[WARN][2025-01-13 17:28:56] ...lsp/handlers.lua:537	"09:28:56.356 WARNING ⛔️ file:///Users/sagiring/.bashrc line 112: failed to resolve path"
[WARN][2025-01-13 17:28:56] ...lsp/handlers.lua:537	"09:28:56.507 WARNING ⛔️ file:///Users/sagiring/.bashrc line 110: failed to resolve path"
[WARN][2025-01-13 17:28:56] ...lsp/handlers.lua:537	"09:28:56.507 WARNING ⛔️ file:///Users/sagiring/.bashrc line 112: failed to resolve path"
[WARN][2025-01-13 17:28:56] ...lsp/handlers.lua:537	"09:28:56.845 WARNING ⛔️ file:///Users/sagiring/.bashrc line 110: failed to resolve path"
[WARN][2025-01-13 17:28:56] ...lsp/handlers.lua:537	"09:28:56.845 WARNING ⛔️ file:///Users/sagiring/.bashrc line 112: failed to resolve path"
[WARN][2025-01-13 17:28:57] ...lsp/handlers.lua:537	"09:28:57.908 WARNING ⛔️ file:///Users/sagiring/.bashrc line 110: failed to resolve path"
[WARN][2025-01-13 17:28:57] ...lsp/handlers.lua:537	"09:28:57.908 WARNING ⛔️ file:///Users/sagiring/.bashrc line 112: failed to resolve path"
[WARN][2025-01-13 17:28:58] ...lsp/handlers.lua:537	"09:28:58.057 WARNING ⛔️ file:///Users/sagiring/.bashrc line 110: failed to resolve path"
[WARN][2025-01-13 17:28:58] ...lsp/handlers.lua:537	"09:28:58.058 WARNING ⛔️ file:///Users/sagiring/.bashrc line 112: failed to resolve path"
[WARN][2025-01-13 17:28:58] ...lsp/handlers.lua:537	"09:28:58.207 WARNING ⛔️ file:///Users/sagiring/.bashrc line 110: failed to resolve path"
[WARN][2025-01-13 17:28:58] ...lsp/handlers.lua:537	"09:28:58.207 WARNING ⛔️ file:///Users/sagiring/.bashrc line 112: failed to resolve path"
[WARN][2025-01-13 17:28:58] ...lsp/handlers.lua:537	"09:28:58.359 WARNING ⛔️ file:///Users/sagiring/.bashrc line 110: failed to resolve path"
[WARN][2025-01-13 17:28:58] ...lsp/handlers.lua:537	"09:28:58.359 WARNING ⛔️ file:///Users/sagiring/.bashrc line 112: failed to resolve path"
[WARN][2025-01-13 17:28:58] ...lsp/handlers.lua:537	"09:28:58.904 WARNING ⛔️ file:///Users/sagiring/.bashrc line 110: failed to resolve path"
[WARN][2025-01-13 17:28:58] ...lsp/handlers.lua:537	"09:28:58.904 WARNING ⛔️ file:///Users/sagiring/.bashrc line 112: failed to resolve path"
[WARN][2025-01-13 17:28:59] ...lsp/handlers.lua:537	"09:28:59.182 WARNING ⛔️ file:///Users/sagiring/.bashrc line 110: failed to resolve path"
[WARN][2025-01-13 17:28:59] ...lsp/handlers.lua:537	"09:28:59.183 WARNING ⛔️ file:///Users/sagiring/.bashrc line 112: failed to resolve path"
[WARN][2025-01-13 17:28:59] ...lsp/handlers.lua:537	"09:28:59.332 WARNING ⛔️ file:///Users/sagiring/.bashrc line 110: failed to resolve path"
[WARN][2025-01-13 17:28:59] ...lsp/handlers.lua:537	"09:28:59.332 WARNING ⛔️ file:///Users/sagiring/.bashrc line 112: failed to resolve path"
[WARN][2025-01-13 17:28:59] ...lsp/handlers.lua:537	"09:28:59.484 WARNING ⛔️ file:///Users/sagiring/.bashrc line 110: failed to resolve path"
[WARN][2025-01-13 17:28:59] ...lsp/handlers.lua:537	"09:28:59.484 WARNING ⛔️ file:///Users/sagiring/.bashrc line 112: failed to resolve path"
[WARN][2025-01-13 17:29:00] ...lsp/handlers.lua:537	"09:29:00.405 WARNING ⛔️ file:///Users/sagiring/.bashrc line 110: failed to resolve path"
[WARN][2025-01-13 17:29:00] ...lsp/handlers.lua:537	"09:29:00.405 WARNING ⛔️ file:///Users/sagiring/.bashrc line 112: failed to resolve path"
[WARN][2025-01-13 17:29:00] ...lsp/handlers.lua:537	"09:29:00.554 WARNING ⛔️ file:///Users/sagiring/.bashrc line 110: failed to resolve path"
[WARN][2025-01-13 17:29:00] ...lsp/handlers.lua:537	"09:29:00.554 WARNING ⛔️ file:///Users/sagiring/.bashrc line 112: failed to resolve path"
[WARN][2025-01-13 17:29:00] ...lsp/handlers.lua:537	"09:29:00.731 WARNING ⛔️ file:///Users/sagiring/.bashrc line 110: failed to resolve path"
[WARN][2025-01-13 17:29:00] ...lsp/handlers.lua:537	"09:29:00.731 WARNING ⛔️ file:///Users/sagiring/.bashrc line 112: failed to resolve path"
[WARN][2025-01-13 17:29:00] ...lsp/handlers.lua:537	"09:29:00.880 WARNING ⛔️ file:///Users/sagiring/.bashrc line 110: failed to resolve path"
[WARN][2025-01-13 17:29:00] ...lsp/handlers.lua:537	"09:29:00.880 WARNING ⛔️ file:///Users/sagiring/.bashrc line 112: failed to resolve path"
[START][2025-01-13 17:35:27] LSP logging initiated
[ERROR][2025-01-13 17:35:27] .../vim/lsp/rpc.lua:734	"rpc"	"/Users/sagiring/.local/share/nvim/mason/bin/bash-language-server"	"stderr"	"(node:78887) [DEP0040] DeprecationWarning: The `punycode` module is deprecated. Please use a userland alternative instead.\n(Use `node --trace-deprecation ...` to show where the warning was created)\n"
[WARN][2025-01-13 17:35:27] ...lsp/handlers.lua:537	"09:35:27.670 WARNING ⛔️ Environment variable configuration is being deprecated, please use workspace configuration. The following environment variables were used: shfmt"
[WARN][2025-01-13 17:35:27] ...lsp/handlers.lua:537	"09:35:27.688 WARNING ⛔️ file:///Users/sagiring/.bashrc line 110: failed to resolve path"
[WARN][2025-01-13 17:35:27] ...lsp/handlers.lua:537	"09:35:27.688 WARNING ⛔️ file:///Users/sagiring/.bashrc line 112: failed to resolve path"
[WARN][2025-01-13 17:35:28] ...lsp/handlers.lua:537	"09:35:28.197 WARNING ⛔️ ShellCheck: disabling linting as no executable was found at path 'shellcheck'"
[WARN][2025-01-13 17:39:38] ...lsp/handlers.lua:537	"09:39:38.056 WARNING ⛔️ file:///Users/sagiring/.bashrc line 110: failed to resolve path"
[WARN][2025-01-13 17:39:38] ...lsp/handlers.lua:537	"09:39:38.057 WARNING ⛔️ file:///Users/sagiring/.bashrc line 112: failed to resolve path"
[WARN][2025-01-13 17:39:47] ...lsp/handlers.lua:537	"09:39:47.310 WARNING ⛔️ file:///Users/sagiring/.bashrc line 110: failed to resolve path"
[WARN][2025-01-13 17:39:47] ...lsp/handlers.lua:537	"09:39:47.310 WARNING ⛔️ file:///Users/sagiring/.bashrc line 112: failed to resolve path"
[WARN][2025-01-13 17:39:49] ...lsp/handlers.lua:537	"09:39:49.889 WARNING ⛔️ file:///Users/sagiring/.bashrc line 111: failed to resolve path"
[WARN][2025-01-13 17:39:49] ...lsp/handlers.lua:537	"09:39:49.889 WARNING ⛔️ file:///Users/sagiring/.bashrc line 113: failed to resolve path"
[WARN][2025-01-13 17:39:50] ...lsp/handlers.lua:537	"09:39:50.306 WARNING ⛔️ file:///Users/sagiring/.bashrc line 111: failed to resolve path"
[WARN][2025-01-13 17:39:50] ...lsp/handlers.lua:537	"09:39:50.306 WARNING ⛔️ file:///Users/sagiring/.bashrc line 113: failed to resolve path"
[WARN][2025-01-13 17:39:50] ...lsp/handlers.lua:537	"09:39:50.313 WARNING ⛔️ file:///opt/homebrew/etc/profile.d/autojump.sh line 20: non-constant source not supported"
[WARN][2025-01-13 17:39:50] ...lsp/handlers.lua:537	"09:39:50.313 WARNING ⛔️ file:///opt/homebrew/etc/profile.d/autojump.sh line 24: non-constant source not supported"
[WARN][2025-01-13 17:39:50] ...lsp/handlers.lua:537	"09:39:50.313 WARNING ⛔️ file:///opt/homebrew/etc/profile.d/autojump.sh line 29: non-constant source not supported"
[WARN][2025-01-13 17:39:50] ...lsp/handlers.lua:537	"09:39:50.453 WARNING ⛔️ file:///Users/sagiring/.bashrc line 111: failed to resolve path"
[WARN][2025-01-13 17:39:50] ...lsp/handlers.lua:537	"09:39:50.453 WARNING ⛔️ file:///Users/sagiring/.bashrc line 113: failed to resolve path"
[WARN][2025-01-13 17:39:51] ...lsp/handlers.lua:537	"09:39:51.340 WARNING ⛔️ file:///Users/sagiring/.bashrc line 111: failed to resolve path"
[WARN][2025-01-13 17:39:51] ...lsp/handlers.lua:537	"09:39:51.340 WARNING ⛔️ file:///Users/sagiring/.bashrc line 113: failed to resolve path"
[WARN][2025-01-13 17:39:51] ...lsp/handlers.lua:537	"09:39:51.490 WARNING ⛔️ file:///Users/sagiring/.bashrc line 111: failed to resolve path"
[WARN][2025-01-13 17:39:51] ...lsp/handlers.lua:537	"09:39:51.490 WARNING ⛔️ file:///Users/sagiring/.bashrc line 113: failed to resolve path"
[WARN][2025-01-13 17:39:52] ...lsp/handlers.lua:537	"09:39:52.949 WARNING ⛔️ file:///Users/sagiring/.bashrc line 111: failed to resolve path"
[WARN][2025-01-13 17:39:52] ...lsp/handlers.lua:537	"09:39:52.949 WARNING ⛔️ file:///Users/sagiring/.bashrc line 113: failed to resolve path"
[WARN][2025-01-13 17:39:55] ...lsp/handlers.lua:537	"09:39:55.272 WARNING ⛔️ file:///Users/sagiring/.bashrc line 111: failed to resolve path"
[WARN][2025-01-13 17:39:55] ...lsp/handlers.lua:537	"09:39:55.272 WARNING ⛔️ file:///Users/sagiring/.bashrc line 113: failed to resolve path"
[WARN][2025-01-13 17:39:55] ...lsp/handlers.lua:537	"09:39:55.433 WARNING ⛔️ file:///Users/sagiring/.bashrc line 111: failed to resolve path"
[WARN][2025-01-13 17:39:55] ...lsp/handlers.lua:537	"09:39:55.433 WARNING ⛔️ file:///Users/sagiring/.bashrc line 113: failed to resolve path"
[WARN][2025-01-13 17:39:55] ...lsp/handlers.lua:537	"09:39:55.583 WARNING ⛔️ file:///Users/sagiring/.bashrc line 111: failed to resolve path"
[WARN][2025-01-13 17:39:55] ...lsp/handlers.lua:537	"09:39:55.583 WARNING ⛔️ file:///Users/sagiring/.bashrc line 113: failed to resolve path"
[WARN][2025-01-13 17:39:55] ...lsp/handlers.lua:537	"09:39:55.859 WARNING ⛔️ file:///Users/sagiring/.bashrc line 111: failed to resolve path"
[WARN][2025-01-13 17:39:55] ...lsp/handlers.lua:537	"09:39:55.859 WARNING ⛔️ file:///Users/sagiring/.bashrc line 113: failed to resolve path"
[WARN][2025-01-13 17:39:56] ...lsp/handlers.lua:537	"09:39:56.062 WARNING ⛔️ file:///Users/sagiring/.bashrc line 111: failed to resolve path"
[WARN][2025-01-13 17:39:56] ...lsp/handlers.lua:537	"09:39:56.062 WARNING ⛔️ file:///Users/sagiring/.bashrc line 113: failed to resolve path"
[WARN][2025-01-13 17:39:56] ...lsp/handlers.lua:537	"09:39:56.461 WARNING ⛔️ file:///Users/sagiring/.bashrc line 111: failed to resolve path"
[WARN][2025-01-13 17:39:56] ...lsp/handlers.lua:537	"09:39:56.461 WARNING ⛔️ file:///Users/sagiring/.bashrc line 113: failed to resolve path"
[WARN][2025-01-13 17:39:56] ...lsp/handlers.lua:537	"09:39:56.606 WARNING ⛔️ file:///Users/sagiring/.bashrc line 111: failed to resolve path"
[WARN][2025-01-13 17:39:56] ...lsp/handlers.lua:537	"09:39:56.606 WARNING ⛔️ file:///Users/sagiring/.bashrc line 113: failed to resolve path"
[WARN][2025-01-13 17:39:56] ...lsp/handlers.lua:537	"09:39:56.879 WARNING ⛔️ file:///Users/sagiring/.bashrc line 111: failed to resolve path"
[WARN][2025-01-13 17:39:56] ...lsp/handlers.lua:537	"09:39:56.879 WARNING ⛔️ file:///Users/sagiring/.bashrc line 113: failed to resolve path"
[WARN][2025-01-13 17:39:57] ...lsp/handlers.lua:537	"09:39:57.480 WARNING ⛔️ file:///Users/sagiring/.bashrc line 111: failed to resolve path"
[WARN][2025-01-13 17:39:57] ...lsp/handlers.lua:537	"09:39:57.480 WARNING ⛔️ file:///Users/sagiring/.bashrc line 113: failed to resolve path"
[WARN][2025-01-13 17:39:57] ...lsp/handlers.lua:537	"09:39:57.480 WARNING ⛔️ Error while parsing file:///Users/sagiring/.bashrc: syntax error"
[WARN][2025-01-13 17:39:57] ...lsp/handlers.lua:537	"09:39:57.629 WARNING ⛔️ file:///Users/sagiring/.bashrc line 111: failed to resolve path"
[WARN][2025-01-13 17:39:57] ...lsp/handlers.lua:537	"09:39:57.629 WARNING ⛔️ file:///Users/sagiring/.bashrc line 113: failed to resolve path"
[WARN][2025-01-13 17:39:59] ...lsp/handlers.lua:537	"09:39:59.649 WARNING ⛔️ file:///Users/sagiring/.bashrc line 111: failed to resolve path"
[WARN][2025-01-13 17:39:59] ...lsp/handlers.lua:537	"09:39:59.649 WARNING ⛔️ file:///Users/sagiring/.bashrc line 113: failed to resolve path"
[WARN][2025-01-13 17:40:00] ...lsp/handlers.lua:537	"09:40:00.652 WARNING ⛔️ file:///Users/sagiring/.bashrc line 111: failed to resolve path"
[WARN][2025-01-13 17:40:00] ...lsp/handlers.lua:537	"09:40:00.652 WARNING ⛔️ file:///Users/sagiring/.bashrc line 113: failed to resolve path"
[WARN][2025-01-13 17:40:17] ...lsp/handlers.lua:537	"09:40:17.404 WARNING ⛔️ file:///Users/sagiring/.bashrc line 111: failed to resolve path"
[WARN][2025-01-13 17:40:17] ...lsp/handlers.lua:537	"09:40:17.404 WARNING ⛔️ file:///Users/sagiring/.bashrc line 113: failed to resolve path"
[WARN][2025-01-13 17:40:18] ...lsp/handlers.lua:537	"09:40:18.508 WARNING ⛔️ file:///Users/sagiring/.bashrc line 111: failed to resolve path"
[WARN][2025-01-13 17:40:18] ...lsp/handlers.lua:537	"09:40:18.508 WARNING ⛔️ file:///Users/sagiring/.bashrc line 113: failed to resolve path"
[WARN][2025-01-13 17:40:18] ...lsp/handlers.lua:537	"09:40:18.666 WARNING ⛔️ file:///Users/sagiring/.bashrc line 111: failed to resolve path"
[WARN][2025-01-13 17:40:18] ...lsp/handlers.lua:537	"09:40:18.666 WARNING ⛔️ file:///Users/sagiring/.bashrc line 113: failed to resolve path"
[WARN][2025-01-13 17:40:18] ...lsp/handlers.lua:537	"09:40:18.814 WARNING ⛔️ file:///Users/sagiring/.bashrc line 111: failed to resolve path"
[WARN][2025-01-13 17:40:18] ...lsp/handlers.lua:537	"09:40:18.814 WARNING ⛔️ file:///Users/sagiring/.bashrc line 113: failed to resolve path"
[WARN][2025-01-13 17:40:19] ...lsp/handlers.lua:537	"09:40:19.547 WARNING ⛔️ file:///Users/sagiring/.bashrc line 111: failed to resolve path"
[WARN][2025-01-13 17:40:19] ...lsp/handlers.lua:537	"09:40:19.547 WARNING ⛔️ file:///Users/sagiring/.bashrc line 113: failed to resolve path"
[WARN][2025-01-13 17:40:21] ...lsp/handlers.lua:537	"09:40:21.287 WARNING ⛔️ file:///Users/sagiring/.bashrc line 111: failed to resolve path"
[WARN][2025-01-13 17:40:21] ...lsp/handlers.lua:537	"09:40:21.287 WARNING ⛔️ file:///Users/sagiring/.bashrc line 113: failed to resolve path"
[WARN][2025-01-13 17:40:21] ...lsp/handlers.lua:537	"09:40:21.438 WARNING ⛔️ file:///Users/sagiring/.bashrc line 111: failed to resolve path"
[WARN][2025-01-13 17:40:21] ...lsp/handlers.lua:537	"09:40:21.438 WARNING ⛔️ file:///Users/sagiring/.bashrc line 113: failed to resolve path"
[WARN][2025-01-13 17:40:21] ...lsp/handlers.lua:537	"09:40:21.643 WARNING ⛔️ file:///Users/sagiring/.bashrc line 111: failed to resolve path"
[WARN][2025-01-13 17:40:21] ...lsp/handlers.lua:537	"09:40:21.643 WARNING ⛔️ file:///Users/sagiring/.bashrc line 113: failed to resolve path"
[WARN][2025-01-13 17:40:22] ...lsp/handlers.lua:537	"09:40:22.566 WARNING ⛔️ file:///Users/sagiring/.bashrc line 111: failed to resolve path"
[WARN][2025-01-13 17:40:22] ...lsp/handlers.lua:537	"09:40:22.566 WARNING ⛔️ file:///Users/sagiring/.bashrc line 113: failed to resolve path"
[WARN][2025-01-13 17:40:22] ...lsp/handlers.lua:537	"09:40:22.831 WARNING ⛔️ file:///Users/sagiring/.bashrc line 111: failed to resolve path"
[WARN][2025-01-13 17:40:22] ...lsp/handlers.lua:537	"09:40:22.831 WARNING ⛔️ file:///Users/sagiring/.bashrc line 113: failed to resolve path"
[WARN][2025-01-13 17:40:22] ...lsp/handlers.lua:537	"09:40:22.980 WARNING ⛔️ file:///Users/sagiring/.bashrc line 111: failed to resolve path"
[WARN][2025-01-13 17:40:22] ...lsp/handlers.lua:537	"09:40:22.980 WARNING ⛔️ file:///Users/sagiring/.bashrc line 113: failed to resolve path"
[WARN][2025-01-13 17:40:23] ...lsp/handlers.lua:537	"09:40:23.183 WARNING ⛔️ file:///Users/sagiring/.bashrc line 111: failed to resolve path"
[WARN][2025-01-13 17:40:23] ...lsp/handlers.lua:537	"09:40:23.183 WARNING ⛔️ file:///Users/sagiring/.bashrc line 113: failed to resolve path"
[WARN][2025-01-13 17:40:23] ...lsp/handlers.lua:537	"09:40:23.931 WARNING ⛔️ file:///Users/sagiring/.bashrc line 111: failed to resolve path"
[WARN][2025-01-13 17:40:23] ...lsp/handlers.lua:537	"09:40:23.931 WARNING ⛔️ file:///Users/sagiring/.bashrc line 113: failed to resolve path"
[WARN][2025-01-13 17:40:24] ...lsp/handlers.lua:537	"09:40:24.446 WARNING ⛔️ file:///Users/sagiring/.bashrc line 111: failed to resolve path"
[WARN][2025-01-13 17:40:24] ...lsp/handlers.lua:537	"09:40:24.446 WARNING ⛔️ file:///Users/sagiring/.bashrc line 113: failed to resolve path"
[WARN][2025-01-13 17:40:24] ...lsp/handlers.lua:537	"09:40:24.886 WARNING ⛔️ file:///Users/sagiring/.bashrc line 111: failed to resolve path"
[WARN][2025-01-13 17:40:24] ...lsp/handlers.lua:537	"09:40:24.886 WARNING ⛔️ file:///Users/sagiring/.bashrc line 113: failed to resolve path"
[WARN][2025-01-13 17:40:25] ...lsp/handlers.lua:537	"09:40:25.356 WARNING ⛔️ file:///Users/sagiring/.bashrc line 111: failed to resolve path"
[WARN][2025-01-13 17:40:25] ...lsp/handlers.lua:537	"09:40:25.356 WARNING ⛔️ file:///Users/sagiring/.bashrc line 113: failed to resolve path"
[WARN][2025-01-13 17:40:25] ...lsp/handlers.lua:537	"09:40:25.506 WARNING ⛔️ file:///Users/sagiring/.bashrc line 111: failed to resolve path"
[WARN][2025-01-13 17:40:25] ...lsp/handlers.lua:537	"09:40:25.506 WARNING ⛔️ file:///Users/sagiring/.bashrc line 113: failed to resolve path"
[WARN][2025-01-13 17:40:27] ...lsp/handlers.lua:537	"09:40:27.361 WARNING ⛔️ file:///Users/sagiring/.bashrc line 112: failed to resolve path"
[WARN][2025-01-13 17:40:27] ...lsp/handlers.lua:537	"09:40:27.361 WARNING ⛔️ file:///Users/sagiring/.bashrc line 114: failed to resolve path"
[WARN][2025-01-13 17:40:27] ...lsp/handlers.lua:537	"09:40:27.865 WARNING ⛔️ file:///Users/sagiring/.bashrc line 112: failed to resolve path"
[WARN][2025-01-13 17:40:27] ...lsp/handlers.lua:537	"09:40:27.865 WARNING ⛔️ file:///Users/sagiring/.bashrc line 114: failed to resolve path"
[WARN][2025-01-13 17:40:28] ...lsp/handlers.lua:537	"09:40:28.013 WARNING ⛔️ file:///Users/sagiring/.bashrc line 112: failed to resolve path"
[WARN][2025-01-13 17:40:28] ...lsp/handlers.lua:537	"09:40:28.013 WARNING ⛔️ file:///Users/sagiring/.bashrc line 114: failed to resolve path"
[WARN][2025-01-13 17:40:28] ...lsp/handlers.lua:537	"09:40:28.528 WARNING ⛔️ file:///Users/sagiring/.bashrc line 112: failed to resolve path"
[WARN][2025-01-13 17:40:28] ...lsp/handlers.lua:537	"09:40:28.528 WARNING ⛔️ file:///Users/sagiring/.bashrc line 114: failed to resolve path"
[WARN][2025-01-13 17:40:29] ...lsp/handlers.lua:537	"09:40:29.429 WARNING ⛔️ file:///Users/sagiring/.bashrc line 112: failed to resolve path"
[WARN][2025-01-13 17:40:29] ...lsp/handlers.lua:537	"09:40:29.429 WARNING ⛔️ file:///Users/sagiring/.bashrc line 114: failed to resolve path"
[WARN][2025-01-13 17:40:30] ...lsp/handlers.lua:537	"09:40:30.942 WARNING ⛔️ file:///Users/sagiring/.bashrc line 112: failed to resolve path"
[WARN][2025-01-13 17:40:30] ...lsp/handlers.lua:537	"09:40:30.942 WARNING ⛔️ file:///Users/sagiring/.bashrc line 114: failed to resolve path"
[WARN][2025-01-13 17:40:31] ...lsp/handlers.lua:537	"09:40:31.092 WARNING ⛔️ file:///Users/sagiring/.bashrc line 112: failed to resolve path"
[WARN][2025-01-13 17:40:31] ...lsp/handlers.lua:537	"09:40:31.092 WARNING ⛔️ file:///Users/sagiring/.bashrc line 114: failed to resolve path"
[WARN][2025-01-13 17:40:31] ...lsp/handlers.lua:537	"09:40:31.241 WARNING ⛔️ file:///Users/sagiring/.bashrc line 112: failed to resolve path"
[WARN][2025-01-13 17:40:31] ...lsp/handlers.lua:537	"09:40:31.241 WARNING ⛔️ file:///Users/sagiring/.bashrc line 114: failed to resolve path"
[WARN][2025-01-13 17:40:31] ...lsp/handlers.lua:537	"09:40:31.931 WARNING ⛔️ file:///Users/sagiring/.bashrc line 112: failed to resolve path"
[WARN][2025-01-13 17:40:31] ...lsp/handlers.lua:537	"09:40:31.931 WARNING ⛔️ file:///Users/sagiring/.bashrc line 114: failed to resolve path"
[WARN][2025-01-13 17:40:32] ...lsp/handlers.lua:537	"09:40:32.820 WARNING ⛔️ file:///Users/sagiring/.bashrc line 112: failed to resolve path"
[WARN][2025-01-13 17:40:32] ...lsp/handlers.lua:537	"09:40:32.820 WARNING ⛔️ file:///Users/sagiring/.bashrc line 114: failed to resolve path"
[WARN][2025-01-13 17:40:33] ...lsp/handlers.lua:537	"09:40:33.244 WARNING ⛔️ file:///Users/sagiring/.bashrc line 112: failed to resolve path"
[WARN][2025-01-13 17:40:33] ...lsp/handlers.lua:537	"09:40:33.244 WARNING ⛔️ file:///Users/sagiring/.bashrc line 114: failed to resolve path"
[WARN][2025-01-13 17:40:33] ...lsp/handlers.lua:537	"09:40:33.414 WARNING ⛔️ file:///Users/sagiring/.bashrc line 112: failed to resolve path"
[WARN][2025-01-13 17:40:33] ...lsp/handlers.lua:537	"09:40:33.414 WARNING ⛔️ file:///Users/sagiring/.bashrc line 114: failed to resolve path"
[WARN][2025-01-13 17:40:33] ...lsp/handlers.lua:537	"09:40:33.566 WARNING ⛔️ file:///Users/sagiring/.bashrc line 112: failed to resolve path"
[WARN][2025-01-13 17:40:33] ...lsp/handlers.lua:537	"09:40:33.566 WARNING ⛔️ file:///Users/sagiring/.bashrc line 114: failed to resolve path"
[WARN][2025-01-13 17:40:34] ...lsp/handlers.lua:537	"09:40:34.440 WARNING ⛔️ file:///Users/sagiring/.bashrc line 112: failed to resolve path"
[WARN][2025-01-13 17:40:34] ...lsp/handlers.lua:537	"09:40:34.440 WARNING ⛔️ file:///Users/sagiring/.bashrc line 114: failed to resolve path"
[WARN][2025-01-13 17:40:38] ...lsp/handlers.lua:537	"09:40:38.194 WARNING ⛔️ file:///Users/sagiring/.bashrc line 112: failed to resolve path"
[WARN][2025-01-13 17:40:38] ...lsp/handlers.lua:537	"09:40:38.194 WARNING ⛔️ file:///Users/sagiring/.bashrc line 114: failed to resolve path"
[WARN][2025-01-13 17:40:38] ...lsp/handlers.lua:537	"09:40:38.194 WARNING ⛔️ Error while parsing file:///Users/sagiring/.bashrc: syntax error"
[WARN][2025-01-13 17:40:38] ...lsp/handlers.lua:537	"09:40:38.344 WARNING ⛔️ file:///Users/sagiring/.bashrc line 112: failed to resolve path"
[WARN][2025-01-13 17:40:38] ...lsp/handlers.lua:537	"09:40:38.344 WARNING ⛔️ file:///Users/sagiring/.bashrc line 114: failed to resolve path"
[WARN][2025-01-13 17:40:39] ...lsp/handlers.lua:537	"09:40:39.739 WARNING ⛔️ file:///Users/sagiring/.bashrc line 112: failed to resolve path"
[WARN][2025-01-13 17:40:39] ...lsp/handlers.lua:537	"09:40:39.739 WARNING ⛔️ file:///Users/sagiring/.bashrc line 114: failed to resolve path"
[WARN][2025-01-13 17:40:40] ...lsp/handlers.lua:537	"09:40:40.128 WARNING ⛔️ file:///Users/sagiring/.bashrc line 112: failed to resolve path"
[WARN][2025-01-13 17:40:40] ...lsp/handlers.lua:537	"09:40:40.128 WARNING ⛔️ file:///Users/sagiring/.bashrc line 114: failed to resolve path"
[WARN][2025-01-13 17:40:40] ...lsp/handlers.lua:537	"09:40:40.746 WARNING ⛔️ file:///Users/sagiring/.bashrc line 112: failed to resolve path"
[WARN][2025-01-13 17:40:40] ...lsp/handlers.lua:537	"09:40:40.746 WARNING ⛔️ file:///Users/sagiring/.bashrc line 114: failed to resolve path"
[WARN][2025-01-13 17:40:40] ...lsp/handlers.lua:537	"09:40:40.894 WARNING ⛔️ file:///Users/sagiring/.bashrc line 112: failed to resolve path"
[WARN][2025-01-13 17:40:40] ...lsp/handlers.lua:537	"09:40:40.895 WARNING ⛔️ file:///Users/sagiring/.bashrc line 114: failed to resolve path"
[WARN][2025-01-13 17:40:41] ...lsp/handlers.lua:537	"09:40:41.118 WARNING ⛔️ file:///Users/sagiring/.bashrc line 112: failed to resolve path"
[WARN][2025-01-13 17:40:41] ...lsp/handlers.lua:537	"09:40:41.118 WARNING ⛔️ file:///Users/sagiring/.bashrc line 114: failed to resolve path"
[WARN][2025-01-13 17:40:41] ...lsp/handlers.lua:537	"09:40:41.615 WARNING ⛔️ file:///Users/sagiring/.bashrc line 112: failed to resolve path"
[WARN][2025-01-13 17:40:41] ...lsp/handlers.lua:537	"09:40:41.615 WARNING ⛔️ file:///Users/sagiring/.bashrc line 114: failed to resolve path"
[WARN][2025-01-13 17:40:41] ...lsp/handlers.lua:537	"09:40:41.795 WARNING ⛔️ file:///Users/sagiring/.bashrc line 112: failed to resolve path"
[WARN][2025-01-13 17:40:41] ...lsp/handlers.lua:537	"09:40:41.796 WARNING ⛔️ file:///Users/sagiring/.bashrc line 114: failed to resolve path"
[WARN][2025-01-13 17:40:41] ...lsp/handlers.lua:537	"09:40:41.959 WARNING ⛔️ file:///Users/sagiring/.bashrc line 112: failed to resolve path"
[WARN][2025-01-13 17:40:41] ...lsp/handlers.lua:537	"09:40:41.959 WARNING ⛔️ file:///Users/sagiring/.bashrc line 114: failed to resolve path"
[WARN][2025-01-13 17:40:42] ...lsp/handlers.lua:537	"09:40:42.276 WARNING ⛔️ file:///Users/sagiring/.bashrc line 112: failed to resolve path"
[WARN][2025-01-13 17:40:42] ...lsp/handlers.lua:537	"09:40:42.276 WARNING ⛔️ file:///Users/sagiring/.bashrc line 114: failed to resolve path"
[WARN][2025-01-13 17:40:42] ...lsp/handlers.lua:537	"09:40:42.503 WARNING ⛔️ file:///Users/sagiring/.bashrc line 112: failed to resolve path"
[WARN][2025-01-13 17:40:42] ...lsp/handlers.lua:537	"09:40:42.503 WARNING ⛔️ file:///Users/sagiring/.bashrc line 114: failed to resolve path"
[WARN][2025-01-13 17:40:42] ...lsp/handlers.lua:537	"09:40:42.888 WARNING ⛔️ file:///Users/sagiring/.bashrc line 112: failed to resolve path"
[WARN][2025-01-13 17:40:42] ...lsp/handlers.lua:537	"09:40:42.888 WARNING ⛔️ file:///Users/sagiring/.bashrc line 114: failed to resolve path"
[WARN][2025-01-13 17:40:43] ...lsp/handlers.lua:537	"09:40:43.045 WARNING ⛔️ file:///Users/sagiring/.bashrc line 112: failed to resolve path"
[WARN][2025-01-13 17:40:43] ...lsp/handlers.lua:537	"09:40:43.045 WARNING ⛔️ file:///Users/sagiring/.bashrc line 114: failed to resolve path"
[WARN][2025-01-13 17:40:43] ...lsp/handlers.lua:537	"09:40:43.196 WARNING ⛔️ file:///Users/sagiring/.bashrc line 112: failed to resolve path"
[WARN][2025-01-13 17:40:43] ...lsp/handlers.lua:537	"09:40:43.196 WARNING ⛔️ file:///Users/sagiring/.bashrc line 114: failed to resolve path"
[WARN][2025-01-13 17:40:43] ...lsp/handlers.lua:537	"09:40:43.892 WARNING ⛔️ file:///Users/sagiring/.bashrc line 112: failed to resolve path"
[WARN][2025-01-13 17:40:43] ...lsp/handlers.lua:537	"09:40:43.892 WARNING ⛔️ file:///Users/sagiring/.bashrc line 114: failed to resolve path"
[WARN][2025-01-13 17:40:44] ...lsp/handlers.lua:537	"09:40:44.550 WARNING ⛔️ file:///Users/sagiring/.bashrc line 112: failed to resolve path"
[WARN][2025-01-13 17:40:44] ...lsp/handlers.lua:537	"09:40:44.550 WARNING ⛔️ file:///Users/sagiring/.bashrc line 114: failed to resolve path"
[WARN][2025-01-13 17:40:44] ...lsp/handlers.lua:537	"09:40:44.733 WARNING ⛔️ file:///Users/sagiring/.bashrc line 112: failed to resolve path"
[WARN][2025-01-13 17:40:44] ...lsp/handlers.lua:537	"09:40:44.734 WARNING ⛔️ file:///Users/sagiring/.bashrc line 114: failed to resolve path"
[WARN][2025-01-13 17:40:44] ...lsp/handlers.lua:537	"09:40:44.882 WARNING ⛔️ file:///Users/sagiring/.bashrc line 112: failed to resolve path"
[WARN][2025-01-13 17:40:44] ...lsp/handlers.lua:537	"09:40:44.882 WARNING ⛔️ file:///Users/sagiring/.bashrc line 114: failed to resolve path"
[WARN][2025-01-13 17:40:45] ...lsp/handlers.lua:537	"09:40:45.031 WARNING ⛔️ file:///Users/sagiring/.bashrc line 112: failed to resolve path"
[WARN][2025-01-13 17:40:45] ...lsp/handlers.lua:537	"09:40:45.031 WARNING ⛔️ file:///Users/sagiring/.bashrc line 114: failed to resolve path"
[WARN][2025-01-13 17:41:51] ...lsp/handlers.lua:537	"09:41:51.332 WARNING ⛔️ file:///Users/sagiring/.bashrc line 112: failed to resolve path"
[WARN][2025-01-13 17:41:51] ...lsp/handlers.lua:537	"09:41:51.332 WARNING ⛔️ file:///Users/sagiring/.bashrc line 114: failed to resolve path"
[WARN][2025-01-13 17:41:51] ...lsp/handlers.lua:537	"09:41:51.475 WARNING ⛔️ file:///Users/sagiring/.bashrc line 112: failed to resolve path"
[WARN][2025-01-13 17:41:51] ...lsp/handlers.lua:537	"09:41:51.475 WARNING ⛔️ file:///Users/sagiring/.bashrc line 114: failed to resolve path"
[WARN][2025-01-13 17:41:51] ...lsp/handlers.lua:537	"09:41:51.666 WARNING ⛔️ file:///Users/sagiring/.bashrc line 112: failed to resolve path"
[WARN][2025-01-13 17:41:51] ...lsp/handlers.lua:537	"09:41:51.666 WARNING ⛔️ file:///Users/sagiring/.bashrc line 114: failed to resolve path"
[WARN][2025-01-13 17:41:51] ...lsp/handlers.lua:537	"09:41:51.877 WARNING ⛔️ file:///Users/sagiring/.bashrc line 112: failed to resolve path"
[WARN][2025-01-13 17:41:51] ...lsp/handlers.lua:537	"09:41:51.877 WARNING ⛔️ file:///Users/sagiring/.bashrc line 114: failed to resolve path"
[WARN][2025-01-13 17:41:52] ...lsp/handlers.lua:537	"09:41:52.100 WARNING ⛔️ file:///Users/sagiring/.bashrc line 112: failed to resolve path"
[WARN][2025-01-13 17:41:52] ...lsp/handlers.lua:537	"09:41:52.100 WARNING ⛔️ file:///Users/sagiring/.bashrc line 114: failed to resolve path"
[WARN][2025-01-13 17:41:52] ...lsp/handlers.lua:537	"09:41:52.624 WARNING ⛔️ file:///Users/sagiring/.bashrc line 112: failed to resolve path"
[WARN][2025-01-13 17:41:52] ...lsp/handlers.lua:537	"09:41:52.625 WARNING ⛔️ file:///Users/sagiring/.bashrc line 114: failed to resolve path"
[WARN][2025-01-13 17:41:52] ...lsp/handlers.lua:537	"09:41:52.784 WARNING ⛔️ file:///Users/sagiring/.bashrc line 112: failed to resolve path"
[WARN][2025-01-13 17:41:52] ...lsp/handlers.lua:537	"09:41:52.784 WARNING ⛔️ file:///Users/sagiring/.bashrc line 114: failed to resolve path"
[WARN][2025-01-13 17:41:53] ...lsp/handlers.lua:537	"09:41:53.096 WARNING ⛔️ file:///Users/sagiring/.bashrc line 112: failed to resolve path"
[WARN][2025-01-13 17:41:53] ...lsp/handlers.lua:537	"09:41:53.096 WARNING ⛔️ file:///Users/sagiring/.bashrc line 114: failed to resolve path"
[WARN][2025-01-13 17:41:53] ...lsp/handlers.lua:537	"09:41:53.425 WARNING ⛔️ file:///Users/sagiring/.bashrc line 112: failed to resolve path"
[WARN][2025-01-13 17:41:53] ...lsp/handlers.lua:537	"09:41:53.425 WARNING ⛔️ file:///Users/sagiring/.bashrc line 114: failed to resolve path"
[WARN][2025-01-13 17:41:53] ...lsp/handlers.lua:537	"09:41:53.574 WARNING ⛔️ file:///Users/sagiring/.bashrc line 112: failed to resolve path"
[WARN][2025-01-13 17:41:53] ...lsp/handlers.lua:537	"09:41:53.574 WARNING ⛔️ file:///Users/sagiring/.bashrc line 114: failed to resolve path"
[WARN][2025-01-13 17:41:53] ...lsp/handlers.lua:537	"09:41:53.730 WARNING ⛔️ file:///Users/sagiring/.bashrc line 112: failed to resolve path"
[WARN][2025-01-13 17:41:53] ...lsp/handlers.lua:537	"09:41:53.730 WARNING ⛔️ file:///Users/sagiring/.bashrc line 114: failed to resolve path"
[WARN][2025-01-13 17:41:54] ...lsp/handlers.lua:537	"09:41:54.616 WARNING ⛔️ file:///Users/sagiring/.bashrc line 112: failed to resolve path"
[WARN][2025-01-13 17:41:54] ...lsp/handlers.lua:537	"09:41:54.616 WARNING ⛔️ file:///Users/sagiring/.bashrc line 114: failed to resolve path"
[WARN][2025-01-13 17:42:09] ...lsp/handlers.lua:537	"09:42:09.544 WARNING ⛔️ file:///Users/sagiring/.bashrc line 112: failed to resolve path"
[WARN][2025-01-13 17:42:09] ...lsp/handlers.lua:537	"09:42:09.544 WARNING ⛔️ file:///Users/sagiring/.bashrc line 114: failed to resolve path"
[WARN][2025-01-13 17:42:09] ...lsp/handlers.lua:537	"09:42:09.733 WARNING ⛔️ file:///Users/sagiring/.bashrc line 112: failed to resolve path"
[WARN][2025-01-13 17:42:09] ...lsp/handlers.lua:537	"09:42:09.733 WARNING ⛔️ file:///Users/sagiring/.bashrc line 114: failed to resolve path"
[WARN][2025-01-13 17:42:09] ...lsp/handlers.lua:537	"09:42:09.883 WARNING ⛔️ file:///Users/sagiring/.bashrc line 112: failed to resolve path"
[WARN][2025-01-13 17:42:09] ...lsp/handlers.lua:537	"09:42:09.883 WARNING ⛔️ file:///Users/sagiring/.bashrc line 114: failed to resolve path"
[WARN][2025-01-13 17:44:57] ...lsp/handlers.lua:537	"09:44:57.289 WARNING ⛔️ file:///Users/sagiring/.bashrc line 113: failed to resolve path"
[WARN][2025-01-13 17:44:57] ...lsp/handlers.lua:537	"09:44:57.289 WARNING ⛔️ file:///Users/sagiring/.bashrc line 115: failed to resolve path"
[WARN][2025-01-13 17:45:00] ...lsp/handlers.lua:537	"09:45:00.122 WARNING ⛔️ file:///Users/sagiring/.bashrc line 113: failed to resolve path"
[WARN][2025-01-13 17:45:00] ...lsp/handlers.lua:537	"09:45:00.122 WARNING ⛔️ file:///Users/sagiring/.bashrc line 115: failed to resolve path"
[WARN][2025-01-13 17:45:01] ...lsp/handlers.lua:537	"09:45:01.145 WARNING ⛔️ file:///Users/sagiring/.bashrc line 113: failed to resolve path"
[WARN][2025-01-13 17:45:01] ...lsp/handlers.lua:537	"09:45:01.145 WARNING ⛔️ file:///Users/sagiring/.bashrc line 115: failed to resolve path"
[WARN][2025-01-13 17:45:01] ...lsp/handlers.lua:537	"09:45:01.729 WARNING ⛔️ file:///Users/sagiring/.bashrc line 113: failed to resolve path"
[WARN][2025-01-13 17:45:01] ...lsp/handlers.lua:537	"09:45:01.729 WARNING ⛔️ file:///Users/sagiring/.bashrc line 115: failed to resolve path"
[WARN][2025-01-13 17:45:02] ...lsp/handlers.lua:537	"09:45:02.403 WARNING ⛔️ file:///Users/sagiring/.bashrc line 113: failed to resolve path"
[WARN][2025-01-13 17:45:02] ...lsp/handlers.lua:537	"09:45:02.403 WARNING ⛔️ file:///Users/sagiring/.bashrc line 115: failed to resolve path"
[WARN][2025-01-13 17:45:02] ...lsp/handlers.lua:537	"09:45:02.656 WARNING ⛔️ file:///Users/sagiring/.bashrc line 113: failed to resolve path"
[WARN][2025-01-13 17:45:02] ...lsp/handlers.lua:537	"09:45:02.656 WARNING ⛔️ file:///Users/sagiring/.bashrc line 115: failed to resolve path"
[WARN][2025-01-13 17:45:02] ...lsp/handlers.lua:537	"09:45:02.804 WARNING ⛔️ file:///Users/sagiring/.bashrc line 113: failed to resolve path"
[WARN][2025-01-13 17:45:02] ...lsp/handlers.lua:537	"09:45:02.804 WARNING ⛔️ file:///Users/sagiring/.bashrc line 115: failed to resolve path"
[WARN][2025-01-13 17:45:02] ...lsp/handlers.lua:537	"09:45:02.955 WARNING ⛔️ file:///Users/sagiring/.bashrc line 113: failed to resolve path"
[WARN][2025-01-13 17:45:02] ...lsp/handlers.lua:537	"09:45:02.955 WARNING ⛔️ file:///Users/sagiring/.bashrc line 115: failed to resolve path"
[WARN][2025-01-13 17:45:03] ...lsp/handlers.lua:537	"09:45:03.107 WARNING ⛔️ file:///Users/sagiring/.bashrc line 112: failed to resolve path"
[WARN][2025-01-13 17:45:03] ...lsp/handlers.lua:537	"09:45:03.107 WARNING ⛔️ file:///Users/sagiring/.bashrc line 114: failed to resolve path"
[WARN][2025-01-13 17:45:08] ...lsp/handlers.lua:537	"09:45:08.714 WARNING ⛔️ file:///Users/sagiring/.bashrc line 113: failed to resolve path"
[WARN][2025-01-13 17:45:08] ...lsp/handlers.lua:537	"09:45:08.714 WARNING ⛔️ file:///Users/sagiring/.bashrc line 115: failed to resolve path"
[WARN][2025-01-13 17:45:09] ...lsp/handlers.lua:537	"09:45:09.254 WARNING ⛔️ file:///Users/sagiring/.bashrc line 113: failed to resolve path"
[WARN][2025-01-13 17:45:09] ...lsp/handlers.lua:537	"09:45:09.254 WARNING ⛔️ file:///Users/sagiring/.bashrc line 115: failed to resolve path"
[WARN][2025-01-13 17:45:09] ...lsp/handlers.lua:537	"09:45:09.914 WARNING ⛔️ file:///Users/sagiring/.bashrc line 113: failed to resolve path"
[WARN][2025-01-13 17:45:09] ...lsp/handlers.lua:537	"09:45:09.914 WARNING ⛔️ file:///Users/sagiring/.bashrc line 115: failed to resolve path"
[WARN][2025-01-13 17:45:10] ...lsp/handlers.lua:537	"09:45:10.164 WARNING ⛔️ file:///Users/sagiring/.bashrc line 113: failed to resolve path"
[WARN][2025-01-13 17:45:10] ...lsp/handlers.lua:537	"09:45:10.164 WARNING ⛔️ file:///Users/sagiring/.bashrc line 115: failed to resolve path"
[WARN][2025-01-13 17:45:10] ...lsp/handlers.lua:537	"09:45:10.314 WARNING ⛔️ file:///Users/sagiring/.bashrc line 113: failed to resolve path"
[WARN][2025-01-13 17:45:10] ...lsp/handlers.lua:537	"09:45:10.314 WARNING ⛔️ file:///Users/sagiring/.bashrc line 115: failed to resolve path"
[WARN][2025-01-13 17:45:10] ...lsp/handlers.lua:537	"09:45:10.464 WARNING ⛔️ file:///Users/sagiring/.bashrc line 113: failed to resolve path"
[WARN][2025-01-13 17:45:10] ...lsp/handlers.lua:537	"09:45:10.464 WARNING ⛔️ file:///Users/sagiring/.bashrc line 115: failed to resolve path"
[WARN][2025-01-13 17:45:10] ...lsp/handlers.lua:537	"09:45:10.622 WARNING ⛔️ file:///Users/sagiring/.bashrc line 113: failed to resolve path"
[WARN][2025-01-13 17:45:10] ...lsp/handlers.lua:537	"09:45:10.622 WARNING ⛔️ file:///Users/sagiring/.bashrc line 115: failed to resolve path"
[WARN][2025-01-13 17:45:10] ...lsp/handlers.lua:537	"09:45:10.786 WARNING ⛔️ file:///Users/sagiring/.bashrc line 113: failed to resolve path"
[WARN][2025-01-13 17:45:10] ...lsp/handlers.lua:537	"09:45:10.786 WARNING ⛔️ file:///Users/sagiring/.bashrc line 115: failed to resolve path"
[WARN][2025-01-13 17:45:11] ...lsp/handlers.lua:537	"09:45:11.173 WARNING ⛔️ file:///Users/sagiring/.bashrc line 113: failed to resolve path"
[WARN][2025-01-13 17:45:11] ...lsp/handlers.lua:537	"09:45:11.173 WARNING ⛔️ file:///Users/sagiring/.bashrc line 115: failed to resolve path"
[WARN][2025-01-13 17:45:12] ...lsp/handlers.lua:537	"09:45:12.873 WARNING ⛔️ file:///Users/sagiring/.bashrc line 113: failed to resolve path"
[WARN][2025-01-13 17:45:12] ...lsp/handlers.lua:537	"09:45:12.873 WARNING ⛔️ file:///Users/sagiring/.bashrc line 115: failed to resolve path"
[WARN][2025-01-13 17:45:13] ...lsp/handlers.lua:537	"09:45:13.019 WARNING ⛔️ file:///Users/sagiring/.bashrc line 113: failed to resolve path"
[WARN][2025-01-13 17:45:13] ...lsp/handlers.lua:537	"09:45:13.019 WARNING ⛔️ file:///Users/sagiring/.bashrc line 115: failed to resolve path"
[WARN][2025-01-13 17:45:48] ...lsp/handlers.lua:537	"09:45:48.435 WARNING ⛔️ file:///Users/sagiring/.bashrc line 117: failed to resolve path"
[WARN][2025-01-13 17:45:48] ...lsp/handlers.lua:537	"09:45:48.435 WARNING ⛔️ file:///Users/sagiring/.bashrc line 119: failed to resolve path"
[WARN][2025-01-13 17:45:51] ...lsp/handlers.lua:537	"09:45:51.149 WARNING ⛔️ file:///Users/sagiring/.bashrc line 117: failed to resolve path"
[WARN][2025-01-13 17:45:51] ...lsp/handlers.lua:537	"09:45:51.149 WARNING ⛔️ file:///Users/sagiring/.bashrc line 119: failed to resolve path"
[WARN][2025-01-13 17:45:51] ...lsp/handlers.lua:537	"09:45:51.297 WARNING ⛔️ file:///Users/sagiring/.bashrc line 117: failed to resolve path"
[WARN][2025-01-13 17:45:51] ...lsp/handlers.lua:537	"09:45:51.297 WARNING ⛔️ file:///Users/sagiring/.bashrc line 119: failed to resolve path"
[WARN][2025-01-13 17:45:57] ...lsp/handlers.lua:537	"09:45:57.319 WARNING ⛔️ file:///Users/sagiring/.bashrc line 117: failed to resolve path"
[WARN][2025-01-13 17:45:57] ...lsp/handlers.lua:537	"09:45:57.319 WARNING ⛔️ file:///Users/sagiring/.bashrc line 119: failed to resolve path"
[WARN][2025-01-13 17:45:57] ...lsp/handlers.lua:537	"09:45:57.470 WARNING ⛔️ file:///Users/sagiring/.bashrc line 117: failed to resolve path"
[WARN][2025-01-13 17:45:57] ...lsp/handlers.lua:537	"09:45:57.470 WARNING ⛔️ file:///Users/sagiring/.bashrc line 119: failed to resolve path"
[WARN][2025-01-13 17:45:59] ...lsp/handlers.lua:537	"09:45:59.172 WARNING ⛔️ file:///Users/sagiring/.bashrc line 117: failed to resolve path"
[WARN][2025-01-13 17:45:59] ...lsp/handlers.lua:537	"09:45:59.172 WARNING ⛔️ file:///Users/sagiring/.bashrc line 119: failed to resolve path"
[WARN][2025-01-13 17:45:59] ...lsp/handlers.lua:537	"09:45:59.322 WARNING ⛔️ file:///Users/sagiring/.bashrc line 116: failed to resolve path"
[WARN][2025-01-13 17:45:59] ...lsp/handlers.lua:537	"09:45:59.322 WARNING ⛔️ file:///Users/sagiring/.bashrc line 118: failed to resolve path"
[WARN][2025-01-13 17:46:01] ...lsp/handlers.lua:537	"09:46:01.415 WARNING ⛔️ file:///Users/sagiring/.bashrc line 117: failed to resolve path"
[WARN][2025-01-13 17:46:01] ...lsp/handlers.lua:537	"09:46:01.415 WARNING ⛔️ file:///Users/sagiring/.bashrc line 119: failed to resolve path"
[WARN][2025-01-13 17:46:04] ...lsp/handlers.lua:537	"09:46:04.691 WARNING ⛔️ file:///Users/sagiring/.bashrc line 117: failed to resolve path"
[WARN][2025-01-13 17:46:04] ...lsp/handlers.lua:537	"09:46:04.691 WARNING ⛔️ file:///Users/sagiring/.bashrc line 119: failed to resolve path"
[WARN][2025-01-13 17:46:04] ...lsp/handlers.lua:537	"09:46:04.837 WARNING ⛔️ file:///Users/sagiring/.bashrc line 116: failed to resolve path"
[WARN][2025-01-13 17:46:04] ...lsp/handlers.lua:537	"09:46:04.837 WARNING ⛔️ file:///Users/sagiring/.bashrc line 118: failed to resolve path"
[WARN][2025-01-13 17:46:07] ...lsp/handlers.lua:537	"09:46:07.078 WARNING ⛔️ file:///Users/sagiring/.bashrc line 117: failed to resolve path"
[WARN][2025-01-13 17:46:07] ...lsp/handlers.lua:537	"09:46:07.078 WARNING ⛔️ file:///Users/sagiring/.bashrc line 119: failed to resolve path"
[WARN][2025-01-13 17:46:08] ...lsp/handlers.lua:537	"09:46:08.781 WARNING ⛔️ file:///Users/sagiring/.bashrc line 117: failed to resolve path"
[WARN][2025-01-13 17:46:08] ...lsp/handlers.lua:537	"09:46:08.781 WARNING ⛔️ file:///Users/sagiring/.bashrc line 119: failed to resolve path"
[WARN][2025-01-13 17:46:08] ...lsp/handlers.lua:537	"09:46:08.931 WARNING ⛔️ file:///Users/sagiring/.bashrc line 117: failed to resolve path"
[WARN][2025-01-13 17:46:08] ...lsp/handlers.lua:537	"09:46:08.932 WARNING ⛔️ file:///Users/sagiring/.bashrc line 119: failed to resolve path"
[WARN][2025-01-13 17:46:13] ...lsp/handlers.lua:537	"09:46:13.926 WARNING ⛔️ file:///Users/sagiring/.bashrc line 116: failed to resolve path"
[WARN][2025-01-13 17:46:13] ...lsp/handlers.lua:537	"09:46:13.926 WARNING ⛔️ file:///Users/sagiring/.bashrc line 118: failed to resolve path"
[WARN][2025-01-13 17:47:56] ...lsp/handlers.lua:537	"09:47:56.507 WARNING ⛔️ file:///Users/sagiring/.bashrc line 116: failed to resolve path"
[WARN][2025-01-13 17:47:56] ...lsp/handlers.lua:537	"09:47:56.510 WARNING ⛔️ file:///Users/sagiring/.bashrc line 118: failed to resolve path"
[WARN][2025-01-13 17:47:58] ...lsp/handlers.lua:537	"09:47:58.679 WARNING ⛔️ file:///Users/sagiring/.bashrc line 116: failed to resolve path"
[WARN][2025-01-13 17:47:58] ...lsp/handlers.lua:537	"09:47:58.679 WARNING ⛔️ file:///Users/sagiring/.bashrc line 118: failed to resolve path"
[WARN][2025-01-13 17:48:00] ...lsp/handlers.lua:537	"09:48:00.807 WARNING ⛔️ file:///Users/sagiring/.bashrc line 116: failed to resolve path"
[WARN][2025-01-13 17:48:00] ...lsp/handlers.lua:537	"09:48:00.808 WARNING ⛔️ file:///Users/sagiring/.bashrc line 118: failed to resolve path"
[WARN][2025-01-13 17:53:18] ...lsp/handlers.lua:537	"09:53:18.586 WARNING ⛔️ file:///Users/sagiring/.bashrc line 116: failed to resolve path"
[WARN][2025-01-13 17:53:18] ...lsp/handlers.lua:537	"09:53:18.588 WARNING ⛔️ file:///Users/sagiring/.bashrc line 118: failed to resolve path"
[WARN][2025-01-13 17:53:22] ...lsp/handlers.lua:537	"09:53:22.831 WARNING ⛔️ file:///Users/sagiring/.bashrc line 116: failed to resolve path"
[WARN][2025-01-13 17:53:22] ...lsp/handlers.lua:537	"09:53:22.831 WARNING ⛔️ file:///Users/sagiring/.bashrc line 118: failed to resolve path"
[WARN][2025-01-13 17:53:24] ...lsp/handlers.lua:537	"09:53:24.301 WARNING ⛔️ file:///Users/sagiring/.bashrc line 116: failed to resolve path"
[WARN][2025-01-13 17:53:24] ...lsp/handlers.lua:537	"09:53:24.301 WARNING ⛔️ file:///Users/sagiring/.bashrc line 118: failed to resolve path"
[WARN][2025-01-13 17:53:30] ...lsp/handlers.lua:537	"09:53:30.280 WARNING ⛔️ file:///Users/sagiring/.bashrc line 116: failed to resolve path"
[WARN][2025-01-13 17:53:30] ...lsp/handlers.lua:537	"09:53:30.280 WARNING ⛔️ file:///Users/sagiring/.bashrc line 118: failed to resolve path"
[WARN][2025-01-13 17:53:34] ...lsp/handlers.lua:537	"09:53:34.802 WARNING ⛔️ file:///Users/sagiring/.bashrc line 116: failed to resolve path"
[WARN][2025-01-13 17:53:34] ...lsp/handlers.lua:537	"09:53:34.802 WARNING ⛔️ file:///Users/sagiring/.bashrc line 118: failed to resolve path"
[WARN][2025-01-13 17:53:35] ...lsp/handlers.lua:537	"09:53:35.589 WARNING ⛔️ file:///Users/sagiring/.bashrc line 116: failed to resolve path"
[WARN][2025-01-13 17:53:35] ...lsp/handlers.lua:537	"09:53:35.589 WARNING ⛔️ file:///Users/sagiring/.bashrc line 118: failed to resolve path"
[WARN][2025-01-13 17:53:35] ...lsp/handlers.lua:537	"09:53:35.781 WARNING ⛔️ file:///Users/sagiring/.bashrc line 116: failed to resolve path"
[WARN][2025-01-13 17:53:35] ...lsp/handlers.lua:537	"09:53:35.781 WARNING ⛔️ file:///Users/sagiring/.bashrc line 118: failed to resolve path"
[WARN][2025-01-13 17:53:36] ...lsp/handlers.lua:537	"09:53:36.547 WARNING ⛔️ file:///Users/sagiring/.bashrc line 116: failed to resolve path"
[WARN][2025-01-13 17:53:36] ...lsp/handlers.lua:537	"09:53:36.547 WARNING ⛔️ file:///Users/sagiring/.bashrc line 118: failed to resolve path"
[WARN][2025-01-13 17:53:36] ...lsp/handlers.lua:537	"09:53:36.765 WARNING ⛔️ file:///Users/sagiring/.bashrc line 116: failed to resolve path"
[WARN][2025-01-13 17:53:36] ...lsp/handlers.lua:537	"09:53:36.765 WARNING ⛔️ file:///Users/sagiring/.bashrc line 118: failed to resolve path"
[WARN][2025-01-13 17:53:37] ...lsp/handlers.lua:537	"09:53:37.156 WARNING ⛔️ file:///Users/sagiring/.bashrc line 116: failed to resolve path"
[WARN][2025-01-13 17:53:37] ...lsp/handlers.lua:537	"09:53:37.157 WARNING ⛔️ file:///Users/sagiring/.bashrc line 118: failed to resolve path"
[START][2025-01-13 17:54:03] LSP logging initiated
[ERROR][2025-01-13 17:54:03] .../vim/lsp/rpc.lua:734	"rpc"	"/Users/sagiring/.local/share/nvim/mason/bin/bash-language-server"	"stderr"	"(node:90540) [DEP0040] DeprecationWarning: The `punycode` module is deprecated. Please use a userland alternative instead.\n(Use `node --trace-deprecation ...` to show where the warning was created)\n"
[WARN][2025-01-13 17:54:03] ...lsp/handlers.lua:537	"09:54:03.097 WARNING ⛔️ Environment variable configuration is being deprecated, please use workspace configuration. The following environment variables were used: shfmt"
[WARN][2025-01-13 17:54:03] ...lsp/handlers.lua:537	"09:54:03.115 WARNING ⛔️ file:///Users/sagiring/.bashrc line 116: failed to resolve path"
[WARN][2025-01-13 17:54:03] ...lsp/handlers.lua:537	"09:54:03.115 WARNING ⛔️ file:///Users/sagiring/.bashrc line 118: failed to resolve path"
[WARN][2025-01-13 17:54:03] ...lsp/handlers.lua:537	"09:54:03.621 WARNING ⛔️ ShellCheck: disabling linting as no executable was found at path 'shellcheck'"
[WARN][2025-01-13 17:54:16] ...lsp/handlers.lua:537	"09:54:16.519 WARNING ⛔️ file:///Users/sagiring/.bashrc line 116: failed to resolve path"
[WARN][2025-01-13 17:54:16] ...lsp/handlers.lua:537	"09:54:16.520 WARNING ⛔️ file:///Users/sagiring/.bashrc line 118: failed to resolve path"
[START][2025-01-13 17:59:58] LSP logging initiated
[ERROR][2025-01-13 17:59:58] .../vim/lsp/rpc.lua:734	"rpc"	"/Users/sagiring/.local/share/nvim/mason/bin/bash-language-server"	"stderr"	"(node:95190) [DEP0040] DeprecationWarning: The `punycode` module is deprecated. Please use a userland alternative instead.\n(Use `node --trace-deprecation ...` to show where the warning was created)\n"
[WARN][2025-01-13 17:59:58] ...lsp/handlers.lua:537	"09:59:58.648 WARNING ⛔️ Environment variable configuration is being deprecated, please use workspace configuration. The following environment variables were used: shfmt"
[WARN][2025-01-13 17:59:58] ...lsp/handlers.lua:537	"09:59:58.663 WARNING ⛔️ file:///Users/sagiring/.bashrc line 116: failed to resolve path"
[WARN][2025-01-13 17:59:58] ...lsp/handlers.lua:537	"09:59:58.663 WARNING ⛔️ file:///Users/sagiring/.bashrc line 118: failed to resolve path"
[WARN][2025-01-13 17:59:59] ...lsp/handlers.lua:537	"09:59:59.170 WARNING ⛔️ ShellCheck: disabling linting as no executable was found at path 'shellcheck'"
[WARN][2025-01-13 18:00:46] ...lsp/handlers.lua:537	"10:00:46.658 WARNING ⛔️ file:///Users/sagiring/.bashrc line 116: failed to resolve path"
[WARN][2025-01-13 18:00:46] ...lsp/handlers.lua:537	"10:00:46.658 WARNING ⛔️ file:///Users/sagiring/.bashrc line 118: failed to resolve path"
[WARN][2025-01-13 18:00:46] ...lsp/handlers.lua:537	"10:00:46.661 WARNING ⛔️ file:///opt/homebrew/etc/profile.d/autojump.sh line 20: non-constant source not supported"
[WARN][2025-01-13 18:00:46] ...lsp/handlers.lua:537	"10:00:46.661 WARNING ⛔️ file:///opt/homebrew/etc/profile.d/autojump.sh line 24: non-constant source not supported"
[WARN][2025-01-13 18:00:46] ...lsp/handlers.lua:537	"10:00:46.661 WARNING ⛔️ file:///opt/homebrew/etc/profile.d/autojump.sh line 29: non-constant source not supported"
[WARN][2025-01-13 18:00:47] ...lsp/handlers.lua:537	"10:00:47.671 WARNING ⛔️ file:///Users/sagiring/.bashrc line 116: failed to resolve path"
[WARN][2025-01-13 18:00:47] ...lsp/handlers.lua:537	"10:00:47.671 WARNING ⛔️ file:///Users/sagiring/.bashrc line 118: failed to resolve path"
[WARN][2025-01-13 18:00:47] ...lsp/handlers.lua:537	"10:00:47.671 WARNING ⛔️ Error while parsing file:///Users/sagiring/.bashrc: syntax error"
[WARN][2025-01-13 18:00:48] ...lsp/handlers.lua:537	"10:00:48.056 WARNING ⛔️ file:///Users/sagiring/.bashrc line 116: failed to resolve path"
[WARN][2025-01-13 18:00:48] ...lsp/handlers.lua:537	"10:00:48.056 WARNING ⛔️ file:///Users/sagiring/.bashrc line 118: failed to resolve path"
[WARN][2025-01-13 18:00:48] ...lsp/handlers.lua:537	"10:00:48.432 WARNING ⛔️ file:///Users/sagiring/.bashrc line 116: failed to resolve path"
[WARN][2025-01-13 18:00:48] ...lsp/handlers.lua:537	"10:00:48.433 WARNING ⛔️ file:///Users/sagiring/.bashrc line 118: failed to resolve path"
[WARN][2025-01-13 18:00:48] ...lsp/handlers.lua:537	"10:00:48.587 WARNING ⛔️ file:///Users/sagiring/.bashrc line 116: failed to resolve path"
[WARN][2025-01-13 18:00:48] ...lsp/handlers.lua:537	"10:00:48.587 WARNING ⛔️ file:///Users/sagiring/.bashrc line 118: failed to resolve path"
[WARN][2025-01-13 18:00:49] ...lsp/handlers.lua:537	"10:00:49.076 WARNING ⛔️ file:///Users/sagiring/.bashrc line 116: failed to resolve path"
[WARN][2025-01-13 18:00:49] ...lsp/handlers.lua:537	"10:00:49.076 WARNING ⛔️ file:///Users/sagiring/.bashrc line 118: failed to resolve path"
[START][2025-02-27 16:53:35] LSP logging initiated
[ERROR][2025-02-27 16:53:35] .../vim/lsp/rpc.lua:734	"rpc"	"/Users/sagiring/.local/share/nvim/mason/bin/bash-language-server"	"stderr"	"(node:80541) [DEP0040] DeprecationWarning: The `punycode` module is deprecated. Please use a userland alternative instead.\n(Use `node --trace-deprecation ...` to show where the warning was created)\n"
[WARN][2025-02-27 16:53:35] ...lsp/handlers.lua:537	"08:53:35.787 WARNING ⛔️ Environment variable configuration is being deprecated, please use workspace configuration. The following environment variables were used: shfmt"
[WARN][2025-02-27 16:53:36] ...lsp/handlers.lua:537	"08:53:36.311 WARNING ⛔️ ShellCheck: disabling linting as no executable was found at path 'shellcheck'"
[START][2025-02-27 16:54:20] LSP logging initiated
[ERROR][2025-02-27 16:54:20] .../vim/lsp/rpc.lua:734	"rpc"	"/Users/sagiring/.local/share/nvim/mason/bin/bash-language-server"	"stderr"	"(node:81568) [DEP0040] DeprecationWarning: The `punycode` module is deprecated. Please use a userland alternative instead.\n(Use `node --trace-deprecation ...` to show where the warning was created)\n"
[WARN][2025-02-27 16:54:20] ...lsp/handlers.lua:537	"08:54:20.976 WARNING ⛔️ Environment variable configuration is being deprecated, please use workspace configuration. The following environment variables were used: shfmt"
[WARN][2025-02-27 16:54:21] ...lsp/handlers.lua:537	"08:54:20.995 WARNING ⛔️ file:///Users/sagiring/.bashrc line 116: failed to resolve path"
[WARN][2025-02-27 16:54:21] ...lsp/handlers.lua:537	"08:54:20.995 WARNING ⛔️ file:///Users/sagiring/.bashrc line 118: failed to resolve path"
[WARN][2025-02-27 16:54:21] ...lsp/handlers.lua:537	"08:54:21.504 WARNING ⛔️ ShellCheck: disabling linting as no executable was found at path 'shellcheck'"
[WARN][2025-02-27 16:54:25] ...lsp/handlers.lua:537	"08:54:25.437 WARNING ⛔️ file:///Users/sagiring/.bashrc line 116: failed to resolve path"
[WARN][2025-02-27 16:54:25] ...lsp/handlers.lua:537	"08:54:25.437 WARNING ⛔️ file:///Users/sagiring/.bashrc line 118: failed to resolve path"
[WARN][2025-02-27 16:54:25] ...lsp/handlers.lua:537	"08:54:25.697 WARNING ⛔️ file:///Users/sagiring/.bashrc line 116: failed to resolve path"
[WARN][2025-02-27 16:54:25] ...lsp/handlers.lua:537	"08:54:25.697 WARNING ⛔️ file:///Users/sagiring/.bashrc line 118: failed to resolve path"
[WARN][2025-02-27 16:54:25] ...lsp/handlers.lua:537	"08:54:25.849 WARNING ⛔️ file:///Users/sagiring/.bashrc line 116: failed to resolve path"
[WARN][2025-02-27 16:54:25] ...lsp/handlers.lua:537	"08:54:25.849 WARNING ⛔️ file:///Users/sagiring/.bashrc line 118: failed to resolve path"
[WARN][2025-02-27 16:54:26] ...lsp/handlers.lua:537	"08:54:25.999 WARNING ⛔️ file:///Users/sagiring/.bashrc line 116: failed to resolve path"
[WARN][2025-02-27 16:54:26] ...lsp/handlers.lua:537	"08:54:25.999 WARNING ⛔️ file:///Users/sagiring/.bashrc line 118: failed to resolve path"
[WARN][2025-02-27 16:54:27] ...lsp/handlers.lua:537	"08:54:27.099 WARNING ⛔️ file:///Users/sagiring/.bashrc line 116: failed to resolve path"
[WARN][2025-02-27 16:54:27] ...lsp/handlers.lua:537	"08:54:27.099 WARNING ⛔️ file:///Users/sagiring/.bashrc line 118: failed to resolve path"
[WARN][2025-02-27 16:54:27] ...lsp/handlers.lua:537	"08:54:27.242 WARNING ⛔️ file:///Users/sagiring/.bashrc line 116: failed to resolve path"
[WARN][2025-02-27 16:54:27] ...lsp/handlers.lua:537	"08:54:27.243 WARNING ⛔️ file:///Users/sagiring/.bashrc line 118: failed to resolve path"
[WARN][2025-02-27 16:54:27] ...lsp/handlers.lua:537	"08:54:27.717 WARNING ⛔️ file:///Users/sagiring/.bashrc line 116: failed to resolve path"
[WARN][2025-02-27 16:54:27] ...lsp/handlers.lua:537	"08:54:27.717 WARNING ⛔️ file:///Users/sagiring/.bashrc line 118: failed to resolve path"
[WARN][2025-02-27 16:54:27] ...lsp/handlers.lua:537	"08:54:27.725 WARNING ⛔️ file:///opt/homebrew/etc/profile.d/autojump.sh line 20: non-constant source not supported"
[WARN][2025-02-27 16:54:27] ...lsp/handlers.lua:537	"08:54:27.725 WARNING ⛔️ file:///opt/homebrew/etc/profile.d/autojump.sh line 24: non-constant source not supported"
[WARN][2025-02-27 16:54:27] ...lsp/handlers.lua:537	"08:54:27.725 WARNING ⛔️ file:///opt/homebrew/etc/profile.d/autojump.sh line 29: non-constant source not supported"
[WARN][2025-02-27 16:54:28] ...lsp/handlers.lua:537	"08:54:28.141 WARNING ⛔️ file:///Users/sagiring/.bashrc line 116: failed to resolve path"
[WARN][2025-02-27 16:54:28] ...lsp/handlers.lua:537	"08:54:28.141 WARNING ⛔️ file:///Users/sagiring/.bashrc line 118: failed to resolve path"
[WARN][2025-02-27 16:54:29] ...lsp/handlers.lua:537	"08:54:29.013 WARNING ⛔️ file:///Users/sagiring/.bashrc line 116: failed to resolve path"
[WARN][2025-02-27 16:54:29] ...lsp/handlers.lua:537	"08:54:29.013 WARNING ⛔️ file:///Users/sagiring/.bashrc line 118: failed to resolve path"
[WARN][2025-02-27 16:54:29] ...lsp/handlers.lua:537	"08:54:29.168 WARNING ⛔️ file:///Users/sagiring/.bashrc line 116: failed to resolve path"
[WARN][2025-02-27 16:54:29] ...lsp/handlers.lua:537	"08:54:29.168 WARNING ⛔️ file:///Users/sagiring/.bashrc line 118: failed to resolve path"
[WARN][2025-02-27 16:54:30] ...lsp/handlers.lua:537	"08:54:30.241 WARNING ⛔️ file:///Users/sagiring/.bashrc line 116: failed to resolve path"
[WARN][2025-02-27 16:54:30] ...lsp/handlers.lua:537	"08:54:30.241 WARNING ⛔️ file:///Users/sagiring/.bashrc line 118: failed to resolve path"
[WARN][2025-02-27 16:54:31] ...lsp/handlers.lua:537	"08:54:31.112 WARNING ⛔️ file:///Users/sagiring/.bashrc line 116: failed to resolve path"
[WARN][2025-02-27 16:54:31] ...lsp/handlers.lua:537	"08:54:31.112 WARNING ⛔️ file:///Users/sagiring/.bashrc line 118: failed to resolve path"
[WARN][2025-02-27 16:54:31] ...lsp/handlers.lua:537	"08:54:31.259 WARNING ⛔️ file:///Users/sagiring/.bashrc line 116: failed to resolve path"
[WARN][2025-02-27 16:54:31] ...lsp/handlers.lua:537	"08:54:31.259 WARNING ⛔️ file:///Users/sagiring/.bashrc line 118: failed to resolve path"
[WARN][2025-02-27 16:54:31] ...lsp/handlers.lua:537	"08:54:31.410 WARNING ⛔️ file:///Users/sagiring/.bashrc line 116: failed to resolve path"
[WARN][2025-02-27 16:54:31] ...lsp/handlers.lua:537	"08:54:31.411 WARNING ⛔️ file:///Users/sagiring/.bashrc line 118: failed to resolve path"
[WARN][2025-02-27 16:54:31] ...lsp/handlers.lua:537	"08:54:31.680 WARNING ⛔️ file:///Users/sagiring/.bashrc line 116: failed to resolve path"
[WARN][2025-02-27 16:54:31] ...lsp/handlers.lua:537	"08:54:31.680 WARNING ⛔️ file:///Users/sagiring/.bashrc line 118: failed to resolve path"
[WARN][2025-02-27 16:54:31] ...lsp/handlers.lua:537	"08:54:31.837 WARNING ⛔️ file:///Users/sagiring/.bashrc line 116: failed to resolve path"
[WARN][2025-02-27 16:54:31] ...lsp/handlers.lua:537	"08:54:31.837 WARNING ⛔️ file:///Users/sagiring/.bashrc line 118: failed to resolve path"
[WARN][2025-02-27 16:54:35] ...lsp/handlers.lua:537	"08:54:35.261 WARNING ⛔️ file:///Users/sagiring/.bashrc line 116: failed to resolve path"
[WARN][2025-02-27 16:54:35] ...lsp/handlers.lua:537	"08:54:35.262 WARNING ⛔️ file:///Users/sagiring/.bashrc line 118: failed to resolve path"
[WARN][2025-02-27 16:54:39] ...lsp/handlers.lua:537	"08:54:39.957 WARNING ⛔️ file:///Users/sagiring/.bashrc line 116: failed to resolve path"
[WARN][2025-02-27 16:54:39] ...lsp/handlers.lua:537	"08:54:39.957 WARNING ⛔️ file:///Users/sagiring/.bashrc line 118: failed to resolve path"
[WARN][2025-02-27 16:54:43] ...lsp/handlers.lua:537	"08:54:43.423 WARNING ⛔️ file:///Users/sagiring/.bashrc line 116: failed to resolve path"
[WARN][2025-02-27 16:54:43] ...lsp/handlers.lua:537	"08:54:43.424 WARNING ⛔️ file:///Users/sagiring/.bashrc line 118: failed to resolve path"
[WARN][2025-02-27 16:54:49] ...lsp/handlers.lua:537	"08:54:49.956 WARNING ⛔️ file:///Users/sagiring/.bashrc line 116: failed to resolve path"
[WARN][2025-02-27 16:54:49] ...lsp/handlers.lua:537	"08:54:49.956 WARNING ⛔️ file:///Users/sagiring/.bashrc line 118: failed to resolve path"
[WARN][2025-02-27 16:54:50] ...lsp/handlers.lua:537	"08:54:50.199 WARNING ⛔️ file:///Users/sagiring/.bashrc line 116: failed to resolve path"
[WARN][2025-02-27 16:54:50] ...lsp/handlers.lua:537	"08:54:50.199 WARNING ⛔️ file:///Users/sagiring/.bashrc line 118: failed to resolve path"
[WARN][2025-02-27 16:54:50] ...lsp/handlers.lua:537	"08:54:50.951 WARNING ⛔️ file:///Users/sagiring/.bashrc line 116: failed to resolve path"
[WARN][2025-02-27 16:54:50] ...lsp/handlers.lua:537	"08:54:50.951 WARNING ⛔️ file:///Users/sagiring/.bashrc line 118: failed to resolve path"
[WARN][2025-02-27 16:54:52] ...lsp/handlers.lua:537	"08:54:52.020 WARNING ⛔️ file:///Users/sagiring/.bashrc line 116: failed to resolve path"
[WARN][2025-02-27 16:54:52] ...lsp/handlers.lua:537	"08:54:52.021 WARNING ⛔️ file:///Users/sagiring/.bashrc line 118: failed to resolve path"
[WARN][2025-02-27 16:54:52] ...lsp/handlers.lua:537	"08:54:52.864 WARNING ⛔️ file:///Users/sagiring/.bashrc line 116: failed to resolve path"
[WARN][2025-02-27 16:54:52] ...lsp/handlers.lua:537	"08:54:52.864 WARNING ⛔️ file:///Users/sagiring/.bashrc line 118: failed to resolve path"
[WARN][2025-02-27 16:54:53] ...lsp/handlers.lua:537	"08:54:53.041 WARNING ⛔️ file:///Users/sagiring/.bashrc line 116: failed to resolve path"
[WARN][2025-02-27 16:54:53] ...lsp/handlers.lua:537	"08:54:53.041 WARNING ⛔️ file:///Users/sagiring/.bashrc line 118: failed to resolve path"
[WARN][2025-02-27 16:54:53] ...lsp/handlers.lua:537	"08:54:53.194 WARNING ⛔️ file:///Users/sagiring/.bashrc line 116: failed to resolve path"
[WARN][2025-02-27 16:54:53] ...lsp/handlers.lua:537	"08:54:53.194 WARNING ⛔️ file:///Users/sagiring/.bashrc line 118: failed to resolve path"
[WARN][2025-02-27 16:54:53] ...lsp/handlers.lua:537	"08:54:53.709 WARNING ⛔️ file:///Users/sagiring/.bashrc line 116: failed to resolve path"
[WARN][2025-02-27 16:54:53] ...lsp/handlers.lua:537	"08:54:53.709 WARNING ⛔️ file:///Users/sagiring/.bashrc line 118: failed to resolve path"
[WARN][2025-02-27 16:54:53] ...lsp/handlers.lua:537	"08:54:53.858 WARNING ⛔️ file:///Users/sagiring/.bashrc line 116: failed to resolve path"
[WARN][2025-02-27 16:54:53] ...lsp/handlers.lua:537	"08:54:53.858 WARNING ⛔️ file:///Users/sagiring/.bashrc line 118: failed to resolve path"
[WARN][2025-02-27 16:54:53] ...lsp/handlers.lua:537	"08:54:53.975 WARNING ⛔️ file:///Users/sagiring/.bashrc line 116: failed to resolve path"
[WARN][2025-02-27 16:54:53] ...lsp/handlers.lua:537	"08:54:53.975 WARNING ⛔️ file:///Users/sagiring/.bashrc line 118: failed to resolve path"
[WARN][2025-02-27 16:54:54] ...lsp/handlers.lua:537	"08:54:54.124 WARNING ⛔️ file:///Users/sagiring/.bashrc line 116: failed to resolve path"
[WARN][2025-02-27 16:54:54] ...lsp/handlers.lua:537	"08:54:54.124 WARNING ⛔️ file:///Users/sagiring/.bashrc line 118: failed to resolve path"
[WARN][2025-02-27 16:54:54] ...lsp/handlers.lua:537	"08:54:54.772 WARNING ⛔️ file:///Users/sagiring/.bashrc line 116: failed to resolve path"
[WARN][2025-02-27 16:54:54] ...lsp/handlers.lua:537	"08:54:54.772 WARNING ⛔️ file:///Users/sagiring/.bashrc line 118: failed to resolve path"
[START][2025-02-27 16:56:07] LSP logging initiated
[ERROR][2025-02-27 16:56:07] .../vim/lsp/rpc.lua:734	"rpc"	"/Users/sagiring/.local/share/nvim/mason/bin/bash-language-server"	"stderr"	"(node:83742) [DEP0040] DeprecationWarning: The `punycode` module is deprecated. Please use a userland alternative instead.\n(Use `node --trace-deprecation ...` to show where the warning was created)\n"
[WARN][2025-02-27 16:56:07] ...lsp/handlers.lua:537	"08:56:07.907 WARNING ⛔️ Environment variable configuration is being deprecated, please use workspace configuration. The following environment variables were used: shfmt"
[WARN][2025-02-27 16:56:07] ...lsp/handlers.lua:537	"08:56:07.927 WARNING ⛔️ file:///Users/sagiring/.bashrc line 116: failed to resolve path"
[WARN][2025-02-27 16:56:07] ...lsp/handlers.lua:537	"08:56:07.927 WARNING ⛔️ file:///Users/sagiring/.bashrc line 118: failed to resolve path"
[WARN][2025-02-27 16:56:08] ...lsp/handlers.lua:537	"08:56:08.434 WARNING ⛔️ ShellCheck: disabling linting as no executable was found at path 'shellcheck'"
[WARN][2025-02-27 16:56:14] ...lsp/handlers.lua:537	"08:56:14.222 WARNING ⛔️ file:///Users/sagiring/.bashrc line 116: failed to resolve path"
[WARN][2025-02-27 16:56:14] ...lsp/handlers.lua:537	"08:56:14.223 WARNING ⛔️ file:///Users/sagiring/.bashrc line 118: failed to resolve path"
[WARN][2025-02-27 16:56:14] ...lsp/handlers.lua:537	"08:56:14.786 WARNING ⛔️ file:///Users/sagiring/.bashrc line 116: failed to resolve path"
[WARN][2025-02-27 16:56:14] ...lsp/handlers.lua:537	"08:56:14.787 WARNING ⛔️ file:///Users/sagiring/.bashrc line 118: failed to resolve path"
[WARN][2025-02-27 16:56:14] ...lsp/handlers.lua:537	"08:56:14.944 WARNING ⛔️ file:///Users/sagiring/.bashrc line 116: failed to resolve path"
[WARN][2025-02-27 16:56:14] ...lsp/handlers.lua:537	"08:56:14.945 WARNING ⛔️ file:///Users/sagiring/.bashrc line 118: failed to resolve path"
[WARN][2025-02-27 16:56:15] ...lsp/handlers.lua:537	"08:56:15.581 WARNING ⛔️ file:///Users/sagiring/.bashrc line 116: failed to resolve path"
[WARN][2025-02-27 16:56:15] ...lsp/handlers.lua:537	"08:56:15.581 WARNING ⛔️ file:///Users/sagiring/.bashrc line 118: failed to resolve path"
[WARN][2025-02-27 16:56:15] ...lsp/handlers.lua:537	"08:56:15.781 WARNING ⛔️ file:///Users/sagiring/.bashrc line 116: failed to resolve path"
[WARN][2025-02-27 16:56:15] ...lsp/handlers.lua:537	"08:56:15.781 WARNING ⛔️ file:///Users/sagiring/.bashrc line 118: failed to resolve path"
[WARN][2025-02-27 16:56:16] ...lsp/handlers.lua:537	"08:56:16.002 WARNING ⛔️ file:///Users/sagiring/.bashrc line 116: failed to resolve path"
[WARN][2025-02-27 16:56:16] ...lsp/handlers.lua:537	"08:56:16.002 WARNING ⛔️ file:///Users/sagiring/.bashrc line 118: failed to resolve path"
[WARN][2025-02-27 16:56:16] ...lsp/handlers.lua:537	"08:56:16.191 WARNING ⛔️ file:///Users/sagiring/.bashrc line 116: failed to resolve path"
[WARN][2025-02-27 16:56:16] ...lsp/handlers.lua:537	"08:56:16.191 WARNING ⛔️ file:///Users/sagiring/.bashrc line 118: failed to resolve path"
[WARN][2025-02-27 16:56:17] ...lsp/handlers.lua:537	"08:56:16.992 WARNING ⛔️ file:///Users/sagiring/.bashrc line 116: failed to resolve path"
[WARN][2025-02-27 16:56:17] ...lsp/handlers.lua:537	"08:56:16.992 WARNING ⛔️ file:///Users/sagiring/.bashrc line 118: failed to resolve path"
[WARN][2025-02-27 16:56:17] ...lsp/handlers.lua:537	"08:56:17.009 WARNING ⛔️ file:///opt/homebrew/etc/profile.d/autojump.sh line 20: non-constant source not supported"
[WARN][2025-02-27 16:56:17] ...lsp/handlers.lua:537	"08:56:17.009 WARNING ⛔️ file:///opt/homebrew/etc/profile.d/autojump.sh line 24: non-constant source not supported"
[WARN][2025-02-27 16:56:17] ...lsp/handlers.lua:537	"08:56:17.009 WARNING ⛔️ file:///opt/homebrew/etc/profile.d/autojump.sh line 29: non-constant source not supported"
[WARN][2025-02-27 16:56:17] ...lsp/handlers.lua:537	"08:56:17.140 WARNING ⛔️ file:///Users/sagiring/.bashrc line 116: failed to resolve path"
[WARN][2025-02-27 16:56:17] ...lsp/handlers.lua:537	"08:56:17.140 WARNING ⛔️ file:///Users/sagiring/.bashrc line 118: failed to resolve path"
[WARN][2025-02-27 16:56:17] ...lsp/handlers.lua:537	"08:56:17.140 WARNING ⛔️ Error while parsing file:///Users/sagiring/.bashrc: syntax error"
[WARN][2025-02-27 16:56:17] ...lsp/handlers.lua:537	"08:56:17.297 WARNING ⛔️ file:///Users/sagiring/.bashrc line 116: failed to resolve path"
[WARN][2025-02-27 16:56:17] ...lsp/handlers.lua:537	"08:56:17.297 WARNING ⛔️ file:///Users/sagiring/.bashrc line 118: failed to resolve path"
[WARN][2025-02-27 16:56:17] ...lsp/handlers.lua:537	"08:56:17.297 WARNING ⛔️ Error while parsing file:///Users/sagiring/.bashrc: syntax error"
[WARN][2025-02-27 16:56:17] ...lsp/handlers.lua:537	"08:56:17.533 WARNING ⛔️ file:///Users/sagiring/.bashrc line 116: failed to resolve path"
[WARN][2025-02-27 16:56:17] ...lsp/handlers.lua:537	"08:56:17.533 WARNING ⛔️ file:///Users/sagiring/.bashrc line 118: failed to resolve path"
[WARN][2025-02-27 16:56:17] ...lsp/handlers.lua:537	"08:56:17.533 WARNING ⛔️ Error while parsing file:///Users/sagiring/.bashrc: syntax error"
[WARN][2025-02-27 16:56:17] ...lsp/handlers.lua:537	"08:56:17.683 WARNING ⛔️ file:///Users/sagiring/.bashrc line 116: failed to resolve path"
[WARN][2025-02-27 16:56:17] ...lsp/handlers.lua:537	"08:56:17.683 WARNING ⛔️ file:///Users/sagiring/.bashrc line 118: failed to resolve path"
[WARN][2025-02-27 16:56:17] ...lsp/handlers.lua:537	"08:56:17.683 WARNING ⛔️ Error while parsing file:///Users/sagiring/.bashrc: syntax error"
[WARN][2025-02-27 16:56:18] ...lsp/handlers.lua:537	"08:56:18.980 WARNING ⛔️ file:///Users/sagiring/.bashrc line 116: failed to resolve path"
[WARN][2025-02-27 16:56:18] ...lsp/handlers.lua:537	"08:56:18.980 WARNING ⛔️ file:///Users/sagiring/.bashrc line 118: failed to resolve path"
[WARN][2025-02-27 16:56:18] ...lsp/handlers.lua:537	"08:56:18.980 WARNING ⛔️ Error while parsing file:///Users/sagiring/.bashrc: syntax error"
[WARN][2025-02-27 16:56:19] ...lsp/handlers.lua:537	"08:56:19.122 WARNING ⛔️ file:///Users/sagiring/.bashrc line 116: failed to resolve path"
[WARN][2025-02-27 16:56:19] ...lsp/handlers.lua:537	"08:56:19.122 WARNING ⛔️ file:///Users/sagiring/.bashrc line 118: failed to resolve path"
[WARN][2025-02-27 16:56:19] ...lsp/handlers.lua:537	"08:56:19.122 WARNING ⛔️ Error while parsing file:///Users/sagiring/.bashrc: syntax error"
[WARN][2025-02-27 16:56:20] ...lsp/handlers.lua:537	"08:56:20.419 WARNING ⛔️ file:///Users/sagiring/.bashrc line 116: failed to resolve path"
[WARN][2025-02-27 16:56:20] ...lsp/handlers.lua:537	"08:56:20.419 WARNING ⛔️ file:///Users/sagiring/.bashrc line 118: failed to resolve path"
[WARN][2025-02-27 16:56:20] ...lsp/handlers.lua:537	"08:56:20.419 WARNING ⛔️ Error while parsing file:///Users/sagiring/.bashrc: syntax error"
[WARN][2025-02-27 16:56:21] ...lsp/handlers.lua:537	"08:56:21.055 WARNING ⛔️ file:///Users/sagiring/.bashrc line 116: failed to resolve path"
[WARN][2025-02-27 16:56:21] ...lsp/handlers.lua:537	"08:56:21.055 WARNING ⛔️ file:///Users/sagiring/.bashrc line 118: failed to resolve path"
[WARN][2025-02-27 16:56:21] ...lsp/handlers.lua:537	"08:56:21.055 WARNING ⛔️ Error while parsing file:///Users/sagiring/.bashrc: syntax error"
[WARN][2025-02-27 16:56:21] ...lsp/handlers.lua:537	"08:56:21.551 WARNING ⛔️ file:///Users/sagiring/.bashrc line 116: failed to resolve path"
[WARN][2025-02-27 16:56:21] ...lsp/handlers.lua:537	"08:56:21.551 WARNING ⛔️ file:///Users/sagiring/.bashrc line 118: failed to resolve path"
[WARN][2025-02-27 16:56:21] ...lsp/handlers.lua:537	"08:56:21.551 WARNING ⛔️ Error while parsing file:///Users/sagiring/.bashrc: syntax error"
[WARN][2025-02-27 16:56:26] ...lsp/handlers.lua:537	"08:56:26.944 WARNING ⛔️ file:///Users/sagiring/.bashrc line 116: failed to resolve path"
[WARN][2025-02-27 16:56:26] ...lsp/handlers.lua:537	"08:56:26.945 WARNING ⛔️ file:///Users/sagiring/.bashrc line 118: failed to resolve path"
[WARN][2025-02-27 16:56:26] ...lsp/handlers.lua:537	"08:56:26.945 WARNING ⛔️ Error while parsing file:///Users/sagiring/.bashrc: syntax error"
[WARN][2025-02-27 16:56:27] ...lsp/handlers.lua:537	"08:56:27.376 WARNING ⛔️ file:///Users/sagiring/.bashrc line 116: failed to resolve path"
[WARN][2025-02-27 16:56:27] ...lsp/handlers.lua:537	"08:56:27.376 WARNING ⛔️ file:///Users/sagiring/.bashrc line 118: failed to resolve path"
[WARN][2025-02-27 16:56:27] ...lsp/handlers.lua:537	"08:56:27.376 WARNING ⛔️ Error while parsing file:///Users/sagiring/.bashrc: syntax error"
[WARN][2025-02-27 16:56:27] ...lsp/handlers.lua:537	"08:56:27.816 WARNING ⛔️ file:///Users/sagiring/.bashrc line 116: failed to resolve path"
[WARN][2025-02-27 16:56:27] ...lsp/handlers.lua:537	"08:56:27.816 WARNING ⛔️ file:///Users/sagiring/.bashrc line 118: failed to resolve path"
[WARN][2025-02-27 16:56:27] ...lsp/handlers.lua:537	"08:56:27.816 WARNING ⛔️ Error while parsing file:///Users/sagiring/.bashrc: syntax error"
[WARN][2025-02-27 16:56:27] ...lsp/handlers.lua:537	"08:56:27.821 WARNING ⛔️ file:///Users/sagiring/.bashrc line 116: failed to resolve path"
[WARN][2025-02-27 16:56:27] ...lsp/handlers.lua:537	"08:56:27.821 WARNING ⛔️ file:///Users/sagiring/.bashrc line 118: failed to resolve path"
[WARN][2025-02-27 16:56:27] ...lsp/handlers.lua:537	"08:56:27.821 WARNING ⛔️ Error while parsing file:///Users/sagiring/.bashrc: syntax error"
[WARN][2025-02-27 16:56:29] ...lsp/handlers.lua:537	"08:56:29.338 WARNING ⛔️ file:///Users/sagiring/.bashrc line 116: failed to resolve path"
[WARN][2025-02-27 16:56:29] ...lsp/handlers.lua:537	"08:56:29.339 WARNING ⛔️ file:///Users/sagiring/.bashrc line 118: failed to resolve path"
[WARN][2025-02-27 16:56:29] ...lsp/handlers.lua:537	"08:56:29.339 WARNING ⛔️ Error while parsing file:///Users/sagiring/.bashrc: syntax error"
[WARN][2025-02-27 16:56:29] ...lsp/handlers.lua:537	"08:56:29.792 WARNING ⛔️ file:///Users/sagiring/.bashrc line 116: failed to resolve path"
[WARN][2025-02-27 16:56:29] ...lsp/handlers.lua:537	"08:56:29.792 WARNING ⛔️ file:///Users/sagiring/.bashrc line 118: failed to resolve path"
[WARN][2025-02-27 16:56:29] ...lsp/handlers.lua:537	"08:56:29.792 WARNING ⛔️ Error while parsing file:///Users/sagiring/.bashrc: syntax error"
[WARN][2025-02-27 16:56:31] ...lsp/handlers.lua:537	"08:56:31.080 WARNING ⛔️ file:///Users/sagiring/.bashrc line 116: failed to resolve path"
[WARN][2025-02-27 16:56:31] ...lsp/handlers.lua:537	"08:56:31.080 WARNING ⛔️ file:///Users/sagiring/.bashrc line 118: failed to resolve path"
[WARN][2025-02-27 16:56:31] ...lsp/handlers.lua:537	"08:56:31.080 WARNING ⛔️ Error while parsing file:///Users/sagiring/.bashrc: syntax error"
[WARN][2025-02-27 16:56:34] ...lsp/handlers.lua:537	"08:56:34.943 WARNING ⛔️ file:///Users/sagiring/.bashrc line 116: failed to resolve path"
[WARN][2025-02-27 16:56:34] ...lsp/handlers.lua:537	"08:56:34.943 WARNING ⛔️ file:///Users/sagiring/.bashrc line 118: failed to resolve path"
[WARN][2025-02-27 16:56:34] ...lsp/handlers.lua:537	"08:56:34.943 WARNING ⛔️ Error while parsing file:///Users/sagiring/.bashrc: syntax error"
[WARN][2025-02-27 16:56:35] ...lsp/handlers.lua:537	"08:56:35.520 WARNING ⛔️ file:///Users/sagiring/.bashrc line 116: failed to resolve path"
[WARN][2025-02-27 16:56:35] ...lsp/handlers.lua:537	"08:56:35.520 WARNING ⛔️ file:///Users/sagiring/.bashrc line 118: failed to resolve path"
[WARN][2025-02-27 16:56:35] ...lsp/handlers.lua:537	"08:56:35.520 WARNING ⛔️ Error while parsing file:///Users/sagiring/.bashrc: syntax error"
[WARN][2025-02-27 16:56:40] ...lsp/handlers.lua:537	"08:56:40.149 WARNING ⛔️ file:///Users/sagiring/.bashrc line 116: failed to resolve path"
[WARN][2025-02-27 16:56:40] ...lsp/handlers.lua:537	"08:56:40.149 WARNING ⛔️ file:///Users/sagiring/.bashrc line 118: failed to resolve path"
[WARN][2025-02-27 16:56:40] ...lsp/handlers.lua:537	"08:56:40.149 WARNING ⛔️ Error while parsing file:///Users/sagiring/.bashrc: syntax error"
[WARN][2025-02-27 16:56:40] ...lsp/handlers.lua:537	"08:56:40.450 WARNING ⛔️ file:///Users/sagiring/.bashrc line 116: failed to resolve path"
[WARN][2025-02-27 16:56:40] ...lsp/handlers.lua:537	"08:56:40.450 WARNING ⛔️ file:///Users/sagiring/.bashrc line 118: failed to resolve path"
[WARN][2025-02-27 16:56:40] ...lsp/handlers.lua:537	"08:56:40.450 WARNING ⛔️ Error while parsing file:///Users/sagiring/.bashrc: syntax error"
[WARN][2025-02-27 16:56:41] ...lsp/handlers.lua:537	"08:56:41.122 WARNING ⛔️ file:///Users/sagiring/.bashrc line 116: failed to resolve path"
[WARN][2025-02-27 16:56:41] ...lsp/handlers.lua:537	"08:56:41.122 WARNING ⛔️ file:///Users/sagiring/.bashrc line 118: failed to resolve path"
[WARN][2025-02-27 16:56:41] ...lsp/handlers.lua:537	"08:56:41.122 WARNING ⛔️ Error while parsing file:///Users/sagiring/.bashrc: syntax error"
[WARN][2025-02-27 16:56:41] ...lsp/handlers.lua:537	"08:56:41.920 WARNING ⛔️ file:///Users/sagiring/.bashrc line 116: failed to resolve path"
[WARN][2025-02-27 16:56:41] ...lsp/handlers.lua:537	"08:56:41.920 WARNING ⛔️ file:///Users/sagiring/.bashrc line 118: failed to resolve path"
[WARN][2025-02-27 16:56:41] ...lsp/handlers.lua:537	"08:56:41.920 WARNING ⛔️ Error while parsing file:///Users/sagiring/.bashrc: syntax error"
[WARN][2025-02-27 16:56:43] ...lsp/handlers.lua:537	"08:56:43.039 WARNING ⛔️ file:///Users/sagiring/.bashrc line 116: failed to resolve path"
[WARN][2025-02-27 16:56:43] ...lsp/handlers.lua:537	"08:56:43.039 WARNING ⛔️ file:///Users/sagiring/.bashrc line 118: failed to resolve path"
[WARN][2025-02-27 16:56:43] ...lsp/handlers.lua:537	"08:56:43.039 WARNING ⛔️ Error while parsing file:///Users/sagiring/.bashrc: syntax error"
[WARN][2025-02-27 16:56:44] ...lsp/handlers.lua:537	"08:56:44.749 WARNING ⛔️ file:///Users/sagiring/.bashrc line 116: failed to resolve path"
[WARN][2025-02-27 16:56:44] ...lsp/handlers.lua:537	"08:56:44.750 WARNING ⛔️ file:///Users/sagiring/.bashrc line 118: failed to resolve path"
[WARN][2025-02-27 16:56:44] ...lsp/handlers.lua:537	"08:56:44.750 WARNING ⛔️ Error while parsing file:///Users/sagiring/.bashrc: syntax error"
[WARN][2025-02-27 16:56:47] ...lsp/handlers.lua:537	"08:56:47.412 WARNING ⛔️ file:///Users/sagiring/.bashrc line 116: failed to resolve path"
[WARN][2025-02-27 16:56:47] ...lsp/handlers.lua:537	"08:56:47.412 WARNING ⛔️ file:///Users/sagiring/.bashrc line 118: failed to resolve path"
[WARN][2025-02-27 16:56:47] ...lsp/handlers.lua:537	"08:56:47.412 WARNING ⛔️ Error while parsing file:///Users/sagiring/.bashrc: syntax error"
[WARN][2025-02-27 16:56:48] ...lsp/handlers.lua:537	"08:56:48.137 WARNING ⛔️ file:///Users/sagiring/.bashrc line 116: failed to resolve path"
[WARN][2025-02-27 16:56:48] ...lsp/handlers.lua:537	"08:56:48.137 WARNING ⛔️ file:///Users/sagiring/.bashrc line 118: failed to resolve path"
[WARN][2025-02-27 16:56:48] ...lsp/handlers.lua:537	"08:56:48.137 WARNING ⛔️ Error while parsing file:///Users/sagiring/.bashrc: syntax error"
[WARN][2025-02-27 16:56:48] ...lsp/handlers.lua:537	"08:56:48.289 WARNING ⛔️ file:///Users/sagiring/.bashrc line 116: failed to resolve path"
[WARN][2025-02-27 16:56:48] ...lsp/handlers.lua:537	"08:56:48.289 WARNING ⛔️ file:///Users/sagiring/.bashrc line 118: failed to resolve path"
[WARN][2025-02-27 16:56:48] ...lsp/handlers.lua:537	"08:56:48.289 WARNING ⛔️ Error while parsing file:///Users/sagiring/.bashrc: syntax error"
[WARN][2025-02-27 16:56:52] ...lsp/handlers.lua:537	"08:56:52.832 WARNING ⛔️ file:///Users/sagiring/.bashrc line 116: failed to resolve path"
[WARN][2025-02-27 16:56:52] ...lsp/handlers.lua:537	"08:56:52.832 WARNING ⛔️ file:///Users/sagiring/.bashrc line 118: failed to resolve path"
[WARN][2025-02-27 16:56:52] ...lsp/handlers.lua:537	"08:56:52.832 WARNING ⛔️ Error while parsing file:///Users/sagiring/.bashrc: syntax error"
[WARN][2025-02-27 16:56:54] ...lsp/handlers.lua:537	"08:56:54.196 WARNING ⛔️ file:///Users/sagiring/.bashrc line 116: failed to resolve path"
[WARN][2025-02-27 16:56:54] ...lsp/handlers.lua:537	"08:56:54.196 WARNING ⛔️ file:///Users/sagiring/.bashrc line 118: failed to resolve path"
[WARN][2025-02-27 16:56:54] ...lsp/handlers.lua:537	"08:56:54.196 WARNING ⛔️ Error while parsing file:///Users/sagiring/.bashrc: syntax error"
[WARN][2025-02-27 16:56:54] ...lsp/handlers.lua:537	"08:56:54.401 WARNING ⛔️ file:///Users/sagiring/.bashrc line 116: failed to resolve path"
[WARN][2025-02-27 16:56:54] ...lsp/handlers.lua:537	"08:56:54.401 WARNING ⛔️ file:///Users/sagiring/.bashrc line 118: failed to resolve path"
[WARN][2025-02-27 16:56:54] ...lsp/handlers.lua:537	"08:56:54.401 WARNING ⛔️ Error while parsing file:///Users/sagiring/.bashrc: syntax error"
[WARN][2025-02-27 16:56:54] ...lsp/handlers.lua:537	"08:56:54.560 WARNING ⛔️ file:///Users/sagiring/.bashrc line 116: failed to resolve path"
[WARN][2025-02-27 16:56:54] ...lsp/handlers.lua:537	"08:56:54.560 WARNING ⛔️ file:///Users/sagiring/.bashrc line 118: failed to resolve path"
[WARN][2025-02-27 16:56:54] ...lsp/handlers.lua:537	"08:56:54.560 WARNING ⛔️ Error while parsing file:///Users/sagiring/.bashrc: syntax error"
[WARN][2025-02-27 16:56:56] ...lsp/handlers.lua:537	"08:56:56.130 WARNING ⛔️ file:///Users/sagiring/.bashrc line 116: failed to resolve path"
[WARN][2025-02-27 16:56:56] ...lsp/handlers.lua:537	"08:56:56.130 WARNING ⛔️ file:///Users/sagiring/.bashrc line 118: failed to resolve path"
[WARN][2025-02-27 16:56:56] ...lsp/handlers.lua:537	"08:56:56.130 WARNING ⛔️ Error while parsing file:///Users/sagiring/.bashrc: syntax error"
[WARN][2025-02-27 16:56:56] ...lsp/handlers.lua:537	"08:56:56.445 WARNING ⛔️ file:///Users/sagiring/.bashrc line 116: failed to resolve path"
[WARN][2025-02-27 16:56:56] ...lsp/handlers.lua:537	"08:56:56.445 WARNING ⛔️ file:///Users/sagiring/.bashrc line 118: failed to resolve path"
[WARN][2025-02-27 16:56:56] ...lsp/handlers.lua:537	"08:56:56.445 WARNING ⛔️ Error while parsing file:///Users/sagiring/.bashrc: syntax error"
[WARN][2025-02-27 16:57:00] ...lsp/handlers.lua:537	"08:57:00.998 WARNING ⛔️ file:///Users/sagiring/.bashrc line 116: failed to resolve path"
[WARN][2025-02-27 16:57:01] ...lsp/handlers.lua:537	"08:57:00.998 WARNING ⛔️ file:///Users/sagiring/.bashrc line 118: failed to resolve path"
[WARN][2025-02-27 16:57:01] ...lsp/handlers.lua:537	"08:57:00.998 WARNING ⛔️ Error while parsing file:///Users/sagiring/.bashrc: syntax error"
[WARN][2025-02-27 16:57:01] ...lsp/handlers.lua:537	"08:57:01.936 WARNING ⛔️ file:///Users/sagiring/.bashrc line 116: failed to resolve path"
[WARN][2025-02-27 16:57:01] ...lsp/handlers.lua:537	"08:57:01.936 WARNING ⛔️ file:///Users/sagiring/.bashrc line 118: failed to resolve path"
[WARN][2025-02-27 16:57:01] ...lsp/handlers.lua:537	"08:57:01.936 WARNING ⛔️ Error while parsing file:///Users/sagiring/.bashrc: syntax error"
[WARN][2025-02-27 16:57:02] ...lsp/handlers.lua:537	"08:57:02.227 WARNING ⛔️ file:///Users/sagiring/.bashrc line 116: failed to resolve path"
[WARN][2025-02-27 16:57:02] ...lsp/handlers.lua:537	"08:57:02.228 WARNING ⛔️ file:///Users/sagiring/.bashrc line 118: failed to resolve path"
[WARN][2025-02-27 16:57:02] ...lsp/handlers.lua:537	"08:57:02.228 WARNING ⛔️ Error while parsing file:///Users/sagiring/.bashrc: syntax error"
[WARN][2025-02-27 16:57:02] ...lsp/handlers.lua:537	"08:57:02.390 WARNING ⛔️ file:///Users/sagiring/.bashrc line 116: failed to resolve path"
[WARN][2025-02-27 16:57:02] ...lsp/handlers.lua:537	"08:57:02.390 WARNING ⛔️ file:///Users/sagiring/.bashrc line 118: failed to resolve path"
[WARN][2025-02-27 16:57:02] ...lsp/handlers.lua:537	"08:57:02.390 WARNING ⛔️ Error while parsing file:///Users/sagiring/.bashrc: syntax error"
[WARN][2025-02-27 16:57:02] ...lsp/handlers.lua:537	"08:57:02.540 WARNING ⛔️ file:///Users/sagiring/.bashrc line 116: failed to resolve path"
[WARN][2025-02-27 16:57:02] ...lsp/handlers.lua:537	"08:57:02.540 WARNING ⛔️ file:///Users/sagiring/.bashrc line 118: failed to resolve path"
[WARN][2025-02-27 16:57:02] ...lsp/handlers.lua:537	"08:57:02.540 WARNING ⛔️ Error while parsing file:///Users/sagiring/.bashrc: syntax error"
[WARN][2025-02-27 16:57:02] ...lsp/handlers.lua:537	"08:57:02.672 WARNING ⛔️ file:///Users/sagiring/.bashrc line 116: failed to resolve path"
[WARN][2025-02-27 16:57:02] ...lsp/handlers.lua:537	"08:57:02.672 WARNING ⛔️ file:///Users/sagiring/.bashrc line 118: failed to resolve path"
[WARN][2025-02-27 16:57:02] ...lsp/handlers.lua:537	"08:57:02.672 WARNING ⛔️ Error while parsing file:///Users/sagiring/.bashrc: syntax error"
[WARN][2025-02-27 16:57:05] ...lsp/handlers.lua:537	"08:57:05.332 WARNING ⛔️ file:///Users/sagiring/.bashrc line 116: failed to resolve path"
[WARN][2025-02-27 16:57:05] ...lsp/handlers.lua:537	"08:57:05.332 WARNING ⛔️ file:///Users/sagiring/.bashrc line 118: failed to resolve path"
[WARN][2025-02-27 16:57:05] ...lsp/handlers.lua:537	"08:57:05.332 WARNING ⛔️ Error while parsing file:///Users/sagiring/.bashrc: syntax error"
[WARN][2025-02-27 16:57:05] ...lsp/handlers.lua:537	"08:57:05.482 WARNING ⛔️ file:///Users/sagiring/.bashrc line 116: failed to resolve path"
[WARN][2025-02-27 16:57:05] ...lsp/handlers.lua:537	"08:57:05.482 WARNING ⛔️ file:///Users/sagiring/.bashrc line 118: failed to resolve path"
[WARN][2025-02-27 16:57:05] ...lsp/handlers.lua:537	"08:57:05.483 WARNING ⛔️ Error while parsing file:///Users/sagiring/.bashrc: syntax error"
[WARN][2025-02-27 16:57:07] ...lsp/handlers.lua:537	"08:57:07.086 WARNING ⛔️ file:///Users/sagiring/.bashrc line 116: failed to resolve path"
[WARN][2025-02-27 16:57:07] ...lsp/handlers.lua:537	"08:57:07.086 WARNING ⛔️ file:///Users/sagiring/.bashrc line 118: failed to resolve path"
[WARN][2025-02-27 16:57:07] ...lsp/handlers.lua:537	"08:57:07.086 WARNING ⛔️ Error while parsing file:///Users/sagiring/.bashrc: syntax error"
[WARN][2025-02-27 16:57:07] ...lsp/handlers.lua:537	"08:57:07.236 WARNING ⛔️ file:///Users/sagiring/.bashrc line 116: failed to resolve path"
[WARN][2025-02-27 16:57:07] ...lsp/handlers.lua:537	"08:57:07.236 WARNING ⛔️ file:///Users/sagiring/.bashrc line 118: failed to resolve path"
[WARN][2025-02-27 16:57:07] ...lsp/handlers.lua:537	"08:57:07.236 WARNING ⛔️ Error while parsing file:///Users/sagiring/.bashrc: syntax error"
[WARN][2025-02-27 16:57:09] ...lsp/handlers.lua:537	"08:57:09.439 WARNING ⛔️ file:///Users/sagiring/.bashrc line 116: failed to resolve path"
[WARN][2025-02-27 16:57:09] ...lsp/handlers.lua:537	"08:57:09.439 WARNING ⛔️ file:///Users/sagiring/.bashrc line 118: failed to resolve path"
[WARN][2025-02-27 16:57:09] ...lsp/handlers.lua:537	"08:57:09.439 WARNING ⛔️ Error while parsing file:///Users/sagiring/.bashrc: syntax error"
[WARN][2025-02-27 16:57:09] ...lsp/handlers.lua:537	"08:57:09.574 WARNING ⛔️ file:///Users/sagiring/.bashrc line 116: failed to resolve path"
[WARN][2025-02-27 16:57:09] ...lsp/handlers.lua:537	"08:57:09.574 WARNING ⛔️ file:///Users/sagiring/.bashrc line 118: failed to resolve path"
[WARN][2025-02-27 16:57:09] ...lsp/handlers.lua:537	"08:57:09.574 WARNING ⛔️ Error while parsing file:///Users/sagiring/.bashrc: syntax error"
[WARN][2025-02-27 16:57:10] ...lsp/handlers.lua:537	"08:57:10.018 WARNING ⛔️ file:///Users/sagiring/.bashrc line 116: failed to resolve path"
[WARN][2025-02-27 16:57:10] ...lsp/handlers.lua:537	"08:57:10.018 WARNING ⛔️ file:///Users/sagiring/.bashrc line 118: failed to resolve path"
[WARN][2025-02-27 16:57:10] ...lsp/handlers.lua:537	"08:57:10.018 WARNING ⛔️ Error while parsing file:///Users/sagiring/.bashrc: syntax error"
[WARN][2025-02-27 16:57:13] ...lsp/handlers.lua:537	"08:57:13.297 WARNING ⛔️ file:///Users/sagiring/.bashrc line 116: failed to resolve path"
[WARN][2025-02-27 16:57:13] ...lsp/handlers.lua:537	"08:57:13.298 WARNING ⛔️ file:///Users/sagiring/.bashrc line 118: failed to resolve path"
[WARN][2025-02-27 16:57:13] ...lsp/handlers.lua:537	"08:57:13.298 WARNING ⛔️ Error while parsing file:///Users/sagiring/.bashrc: syntax error"
[WARN][2025-02-27 16:57:16] ...lsp/handlers.lua:537	"08:57:16.300 WARNING ⛔️ file:///Users/sagiring/.bashrc line 116: failed to resolve path"
[WARN][2025-02-27 16:57:16] ...lsp/handlers.lua:537	"08:57:16.300 WARNING ⛔️ file:///Users/sagiring/.bashrc line 118: failed to resolve path"
[WARN][2025-02-27 16:57:16] ...lsp/handlers.lua:537	"08:57:16.300 WARNING ⛔️ Error while parsing file:///Users/sagiring/.bashrc: syntax error"
[WARN][2025-02-27 16:57:22] ...lsp/handlers.lua:537	"08:57:22.635 WARNING ⛔️ file:///Users/sagiring/.bashrc line 116: failed to resolve path"
[WARN][2025-02-27 16:57:22] ...lsp/handlers.lua:537	"08:57:22.635 WARNING ⛔️ file:///Users/sagiring/.bashrc line 118: failed to resolve path"
[WARN][2025-02-27 16:57:22] ...lsp/handlers.lua:537	"08:57:22.635 WARNING ⛔️ Error while parsing file:///Users/sagiring/.bashrc: syntax error"
[WARN][2025-02-27 16:57:23] ...lsp/handlers.lua:537	"08:57:23.350 WARNING ⛔️ file:///Users/sagiring/.bashrc line 116: failed to resolve path"
[WARN][2025-02-27 16:57:23] ...lsp/handlers.lua:537	"08:57:23.350 WARNING ⛔️ file:///Users/sagiring/.bashrc line 118: failed to resolve path"
[WARN][2025-02-27 16:57:23] ...lsp/handlers.lua:537	"08:57:23.350 WARNING ⛔️ Error while parsing file:///Users/sagiring/.bashrc: syntax error"
[WARN][2025-02-27 16:57:23] ...lsp/handlers.lua:537	"08:57:23.844 WARNING ⛔️ file:///Users/sagiring/.bashrc line 116: failed to resolve path"
[WARN][2025-02-27 16:57:23] ...lsp/handlers.lua:537	"08:57:23.844 WARNING ⛔️ file:///Users/sagiring/.bashrc line 118: failed to resolve path"
[WARN][2025-02-27 16:57:23] ...lsp/handlers.lua:537	"08:57:23.844 WARNING ⛔️ Error while parsing file:///Users/sagiring/.bashrc: syntax error"
[WARN][2025-02-27 16:57:24] ...lsp/handlers.lua:537	"08:57:24.169 WARNING ⛔️ file:///Users/sagiring/.bashrc line 116: failed to resolve path"
[WARN][2025-02-27 16:57:24] ...lsp/handlers.lua:537	"08:57:24.169 WARNING ⛔️ file:///Users/sagiring/.bashrc line 118: failed to resolve path"
[WARN][2025-02-27 16:57:24] ...lsp/handlers.lua:537	"08:57:24.169 WARNING ⛔️ Error while parsing file:///Users/sagiring/.bashrc: syntax error"
[WARN][2025-02-27 16:57:27] ...lsp/handlers.lua:537	"08:57:27.395 WARNING ⛔️ file:///Users/sagiring/.bashrc line 116: failed to resolve path"
[WARN][2025-02-27 16:57:27] ...lsp/handlers.lua:537	"08:57:27.395 WARNING ⛔️ file:///Users/sagiring/.bashrc line 118: failed to resolve path"
[WARN][2025-02-27 16:57:27] ...lsp/handlers.lua:537	"08:57:27.395 WARNING ⛔️ Error while parsing file:///Users/sagiring/.bashrc: syntax error"
[WARN][2025-02-27 16:57:28] ...lsp/handlers.lua:537	"08:57:28.262 WARNING ⛔️ file:///Users/sagiring/.bashrc line 116: failed to resolve path"
[WARN][2025-02-27 16:57:28] ...lsp/handlers.lua:537	"08:57:28.263 WARNING ⛔️ file:///Users/sagiring/.bashrc line 118: failed to resolve path"
[WARN][2025-02-27 16:57:28] ...lsp/handlers.lua:537	"08:57:28.263 WARNING ⛔️ Error while parsing file:///Users/sagiring/.bashrc: syntax error"
[WARN][2025-02-27 16:57:28] ...lsp/handlers.lua:537	"08:57:28.410 WARNING ⛔️ file:///Users/sagiring/.bashrc line 116: failed to resolve path"
[WARN][2025-02-27 16:57:28] ...lsp/handlers.lua:537	"08:57:28.410 WARNING ⛔️ file:///Users/sagiring/.bashrc line 118: failed to resolve path"
[WARN][2025-02-27 16:57:28] ...lsp/handlers.lua:537	"08:57:28.410 WARNING ⛔️ Error while parsing file:///Users/sagiring/.bashrc: syntax error"
[WARN][2025-02-27 16:57:28] ...lsp/handlers.lua:537	"08:57:28.915 WARNING ⛔️ file:///Users/sagiring/.bashrc line 116: failed to resolve path"
[WARN][2025-02-27 16:57:28] ...lsp/handlers.lua:537	"08:57:28.915 WARNING ⛔️ file:///Users/sagiring/.bashrc line 118: failed to resolve path"
[WARN][2025-02-27 16:57:28] ...lsp/handlers.lua:537	"08:57:28.915 WARNING ⛔️ Error while parsing file:///Users/sagiring/.bashrc: syntax error"
[WARN][2025-02-27 16:57:29] ...lsp/handlers.lua:537	"08:57:29.094 WARNING ⛔️ file:///Users/sagiring/.bashrc line 116: failed to resolve path"
[WARN][2025-02-27 16:57:29] ...lsp/handlers.lua:537	"08:57:29.094 WARNING ⛔️ file:///Users/sagiring/.bashrc line 118: failed to resolve path"
[WARN][2025-02-27 16:57:29] ...lsp/handlers.lua:537	"08:57:29.094 WARNING ⛔️ Error while parsing file:///Users/sagiring/.bashrc: syntax error"
[WARN][2025-02-27 16:57:29] ...lsp/handlers.lua:537	"08:57:29.321 WARNING ⛔️ file:///Users/sagiring/.bashrc line 116: failed to resolve path"
[WARN][2025-02-27 16:57:29] ...lsp/handlers.lua:537	"08:57:29.321 WARNING ⛔️ file:///Users/sagiring/.bashrc line 118: failed to resolve path"
[WARN][2025-02-27 16:57:29] ...lsp/handlers.lua:537	"08:57:29.321 WARNING ⛔️ Error while parsing file:///Users/sagiring/.bashrc: syntax error"
[WARN][2025-02-27 16:57:29] ...lsp/handlers.lua:537	"08:57:29.555 WARNING ⛔️ file:///Users/sagiring/.bashrc line 116: failed to resolve path"
[WARN][2025-02-27 16:57:29] ...lsp/handlers.lua:537	"08:57:29.555 WARNING ⛔️ file:///Users/sagiring/.bashrc line 118: failed to resolve path"
[WARN][2025-02-27 16:57:29] ...lsp/handlers.lua:537	"08:57:29.555 WARNING ⛔️ Error while parsing file:///Users/sagiring/.bashrc: syntax error"
[WARN][2025-02-27 16:57:30] ...lsp/handlers.lua:537	"08:57:30.050 WARNING ⛔️ file:///Users/sagiring/.bashrc line 116: failed to resolve path"
[WARN][2025-02-27 16:57:30] ...lsp/handlers.lua:537	"08:57:30.050 WARNING ⛔️ file:///Users/sagiring/.bashrc line 118: failed to resolve path"
[WARN][2025-02-27 16:57:30] ...lsp/handlers.lua:537	"08:57:30.050 WARNING ⛔️ Error while parsing file:///Users/sagiring/.bashrc: syntax error"
[WARN][2025-02-27 16:57:30] ...lsp/handlers.lua:537	"08:57:30.488 WARNING ⛔️ file:///Users/sagiring/.bashrc line 116: failed to resolve path"
[WARN][2025-02-27 16:57:30] ...lsp/handlers.lua:537	"08:57:30.489 WARNING ⛔️ file:///Users/sagiring/.bashrc line 118: failed to resolve path"
[WARN][2025-02-27 16:57:30] ...lsp/handlers.lua:537	"08:57:30.489 WARNING ⛔️ Error while parsing file:///Users/sagiring/.bashrc: syntax error"
[WARN][2025-02-27 16:57:30] ...lsp/handlers.lua:537	"08:57:30.654 WARNING ⛔️ file:///Users/sagiring/.bashrc line 116: failed to resolve path"
[WARN][2025-02-27 16:57:30] ...lsp/handlers.lua:537	"08:57:30.654 WARNING ⛔️ file:///Users/sagiring/.bashrc line 118: failed to resolve path"
[WARN][2025-02-27 16:57:30] ...lsp/handlers.lua:537	"08:57:30.654 WARNING ⛔️ Error while parsing file:///Users/sagiring/.bashrc: syntax error"
[WARN][2025-02-27 16:57:30] ...lsp/handlers.lua:537	"08:57:30.822 WARNING ⛔️ file:///Users/sagiring/.bashrc line 116: failed to resolve path"
[WARN][2025-02-27 16:57:30] ...lsp/handlers.lua:537	"08:57:30.822 WARNING ⛔️ file:///Users/sagiring/.bashrc line 118: failed to resolve path"
[WARN][2025-02-27 16:57:32] ...lsp/handlers.lua:537	"08:57:32.150 WARNING ⛔️ file:///Users/sagiring/.bashrc line 116: failed to resolve path"
[WARN][2025-02-27 16:57:32] ...lsp/handlers.lua:537	"08:57:32.150 WARNING ⛔️ file:///Users/sagiring/.bashrc line 118: failed to resolve path"
[WARN][2025-02-27 16:57:32] ...lsp/handlers.lua:537	"08:57:32.150 WARNING ⛔️ Error while parsing file:///Users/sagiring/.bashrc: syntax error"
[WARN][2025-02-27 16:57:32] ...lsp/handlers.lua:537	"08:57:32.298 WARNING ⛔️ file:///Users/sagiring/.bashrc line 116: failed to resolve path"
[WARN][2025-02-27 16:57:32] ...lsp/handlers.lua:537	"08:57:32.298 WARNING ⛔️ file:///Users/sagiring/.bashrc line 118: failed to resolve path"
[WARN][2025-02-27 16:57:40] ...lsp/handlers.lua:537	"08:57:40.264 WARNING ⛔️ file:///Users/sagiring/.bashrc line 116: failed to resolve path"
[WARN][2025-02-27 16:57:40] ...lsp/handlers.lua:537	"08:57:40.264 WARNING ⛔️ file:///Users/sagiring/.bashrc line 118: failed to resolve path"
[WARN][2025-02-27 16:57:40] ...lsp/handlers.lua:537	"08:57:40.681 WARNING ⛔️ file:///Users/sagiring/.bashrc line 116: failed to resolve path"
[WARN][2025-02-27 16:57:40] ...lsp/handlers.lua:537	"08:57:40.681 WARNING ⛔️ file:///Users/sagiring/.bashrc line 118: failed to resolve path"
[WARN][2025-02-27 16:57:40] ...lsp/handlers.lua:537	"08:57:40.962 WARNING ⛔️ file:///Users/sagiring/.bashrc line 116: failed to resolve path"
[WARN][2025-02-27 16:57:40] ...lsp/handlers.lua:537	"08:57:40.962 WARNING ⛔️ file:///Users/sagiring/.bashrc line 118: failed to resolve path"
[WARN][2025-02-27 16:57:41] ...lsp/handlers.lua:537	"08:57:41.114 WARNING ⛔️ file:///Users/sagiring/.bashrc line 116: failed to resolve path"
[WARN][2025-02-27 16:57:41] ...lsp/handlers.lua:537	"08:57:41.114 WARNING ⛔️ file:///Users/sagiring/.bashrc line 118: failed to resolve path"
[WARN][2025-02-27 16:57:41] ...lsp/handlers.lua:537	"08:57:41.267 WARNING ⛔️ file:///Users/sagiring/.bashrc line 116: failed to resolve path"
[WARN][2025-02-27 16:57:41] ...lsp/handlers.lua:537	"08:57:41.267 WARNING ⛔️ file:///Users/sagiring/.bashrc line 118: failed to resolve path"
[WARN][2025-02-27 16:57:41] ...lsp/handlers.lua:537	"08:57:41.419 WARNING ⛔️ file:///Users/sagiring/.bashrc line 116: failed to resolve path"
[WARN][2025-02-27 16:57:41] ...lsp/handlers.lua:537	"08:57:41.419 WARNING ⛔️ file:///Users/sagiring/.bashrc line 118: failed to resolve path"
[WARN][2025-02-27 16:57:41] ...lsp/handlers.lua:537	"08:57:41.974 WARNING ⛔️ file:///Users/sagiring/.bashrc line 116: failed to resolve path"
[WARN][2025-02-27 16:57:41] ...lsp/handlers.lua:537	"08:57:41.974 WARNING ⛔️ file:///Users/sagiring/.bashrc line 118: failed to resolve path"
[WARN][2025-02-27 16:57:43] ...lsp/handlers.lua:537	"08:57:43.271 WARNING ⛔️ file:///Users/sagiring/.bashrc line 116: failed to resolve path"
[WARN][2025-02-27 16:57:43] ...lsp/handlers.lua:537	"08:57:43.271 WARNING ⛔️ file:///Users/sagiring/.bashrc line 118: failed to resolve path"
[WARN][2025-02-27 16:57:43] ...lsp/handlers.lua:537	"08:57:43.429 WARNING ⛔️ file:///Users/sagiring/.bashrc line 116: failed to resolve path"
[WARN][2025-02-27 16:57:43] ...lsp/handlers.lua:537	"08:57:43.429 WARNING ⛔️ file:///Users/sagiring/.bashrc line 118: failed to resolve path"
[WARN][2025-02-27 16:57:44] ...lsp/handlers.lua:537	"08:57:44.317 WARNING ⛔️ file:///Users/sagiring/.bashrc line 116: failed to resolve path"
[WARN][2025-02-27 16:57:44] ...lsp/handlers.lua:537	"08:57:44.317 WARNING ⛔️ file:///Users/sagiring/.bashrc line 118: failed to resolve path"
[WARN][2025-02-27 16:57:44] ...lsp/handlers.lua:537	"08:57:44.467 WARNING ⛔️ file:///Users/sagiring/.bashrc line 116: failed to resolve path"
[WARN][2025-02-27 16:57:44] ...lsp/handlers.lua:537	"08:57:44.467 WARNING ⛔️ file:///Users/sagiring/.bashrc line 118: failed to resolve path"
[WARN][2025-02-27 16:57:45] ...lsp/handlers.lua:537	"08:57:45.350 WARNING ⛔️ file:///Users/sagiring/.bashrc line 116: failed to resolve path"
[WARN][2025-02-27 16:57:45] ...lsp/handlers.lua:537	"08:57:45.350 WARNING ⛔️ file:///Users/sagiring/.bashrc line 118: failed to resolve path"
[WARN][2025-02-27 16:57:45] ...lsp/handlers.lua:537	"08:57:45.538 WARNING ⛔️ file:///Users/sagiring/.bashrc line 116: failed to resolve path"
[WARN][2025-02-27 16:57:45] ...lsp/handlers.lua:537	"08:57:45.538 WARNING ⛔️ file:///Users/sagiring/.bashrc line 118: failed to resolve path"
[WARN][2025-02-27 16:57:45] ...lsp/handlers.lua:537	"08:57:45.688 WARNING ⛔️ file:///Users/sagiring/.bashrc line 116: failed to resolve path"
[WARN][2025-02-27 16:57:45] ...lsp/handlers.lua:537	"08:57:45.688 WARNING ⛔️ file:///Users/sagiring/.bashrc line 118: failed to resolve path"
[WARN][2025-02-27 16:57:46] ...lsp/handlers.lua:537	"08:57:46.116 WARNING ⛔️ file:///Users/sagiring/.bashrc line 116: failed to resolve path"
[WARN][2025-02-27 16:57:46] ...lsp/handlers.lua:537	"08:57:46.116 WARNING ⛔️ file:///Users/sagiring/.bashrc line 118: failed to resolve path"
[WARN][2025-02-27 16:57:46] ...lsp/handlers.lua:537	"08:57:46.313 WARNING ⛔️ file:///Users/sagiring/.bashrc line 116: failed to resolve path"
[WARN][2025-02-27 16:57:46] ...lsp/handlers.lua:537	"08:57:46.313 WARNING ⛔️ file:///Users/sagiring/.bashrc line 118: failed to resolve path"
[WARN][2025-02-27 16:57:46] ...lsp/handlers.lua:537	"08:57:46.497 WARNING ⛔️ file:///Users/sagiring/.bashrc line 116: failed to resolve path"
[WARN][2025-02-27 16:57:46] ...lsp/handlers.lua:537	"08:57:46.497 WARNING ⛔️ file:///Users/sagiring/.bashrc line 118: failed to resolve path"
[WARN][2025-02-27 16:58:27] ...lsp/handlers.lua:537	"08:58:27.593 WARNING ⛔️ file:///Users/sagiring/.bashrc line 116: failed to resolve path"
[WARN][2025-02-27 16:58:27] ...lsp/handlers.lua:537	"08:58:27.594 WARNING ⛔️ file:///Users/sagiring/.bashrc line 118: failed to resolve path"
[WARN][2025-02-27 16:58:27] ...lsp/handlers.lua:537	"08:58:27.737 WARNING ⛔️ file:///Users/sagiring/.bashrc line 116: failed to resolve path"
[WARN][2025-02-27 16:58:27] ...lsp/handlers.lua:537	"08:58:27.737 WARNING ⛔️ file:///Users/sagiring/.bashrc line 118: failed to resolve path"
[WARN][2025-02-27 16:58:27] ...lsp/handlers.lua:537	"08:58:27.887 WARNING ⛔️ file:///Users/sagiring/.bashrc line 116: failed to resolve path"
[WARN][2025-02-27 16:58:27] ...lsp/handlers.lua:537	"08:58:27.887 WARNING ⛔️ file:///Users/sagiring/.bashrc line 118: failed to resolve path"
[WARN][2025-02-27 16:58:28] ...lsp/handlers.lua:537	"08:58:28.130 WARNING ⛔️ file:///Users/sagiring/.bashrc line 116: failed to resolve path"
[WARN][2025-02-27 16:58:28] ...lsp/handlers.lua:537	"08:58:28.130 WARNING ⛔️ file:///Users/sagiring/.bashrc line 118: failed to resolve path"
[WARN][2025-02-27 16:58:29] ...lsp/handlers.lua:537	"08:58:29.318 WARNING ⛔️ file:///Users/sagiring/.bashrc line 116: failed to resolve path"
[WARN][2025-02-27 16:58:29] ...lsp/handlers.lua:537	"08:58:29.318 WARNING ⛔️ file:///Users/sagiring/.bashrc line 118: failed to resolve path"
[WARN][2025-02-27 16:58:29] ...lsp/handlers.lua:537	"08:58:29.707 WARNING ⛔️ file:///Users/sagiring/.bashrc line 116: failed to resolve path"
[WARN][2025-02-27 16:58:29] ...lsp/handlers.lua:537	"08:58:29.707 WARNING ⛔️ file:///Users/sagiring/.bashrc line 118: failed to resolve path"
[WARN][2025-02-27 16:58:29] ...lsp/handlers.lua:537	"08:58:29.855 WARNING ⛔️ file:///Users/sagiring/.bashrc line 116: failed to resolve path"
[WARN][2025-02-27 16:58:29] ...lsp/handlers.lua:537	"08:58:29.855 WARNING ⛔️ file:///Users/sagiring/.bashrc line 118: failed to resolve path"
[WARN][2025-02-27 16:58:30] ...lsp/handlers.lua:537	"08:58:30.006 WARNING ⛔️ file:///Users/sagiring/.bashrc line 116: failed to resolve path"
[WARN][2025-02-27 16:58:30] ...lsp/handlers.lua:537	"08:58:30.006 WARNING ⛔️ file:///Users/sagiring/.bashrc line 118: failed to resolve path"
[WARN][2025-02-27 16:58:30] ...lsp/handlers.lua:537	"08:58:30.476 WARNING ⛔️ file:///Users/sagiring/.bashrc line 116: failed to resolve path"
[WARN][2025-02-27 16:58:30] ...lsp/handlers.lua:537	"08:58:30.476 WARNING ⛔️ file:///Users/sagiring/.bashrc line 118: failed to resolve path"
[WARN][2025-02-27 16:58:30] ...lsp/handlers.lua:537	"08:58:30.939 WARNING ⛔️ file:///Users/sagiring/.bashrc line 116: failed to resolve path"
[WARN][2025-02-27 16:58:30] ...lsp/handlers.lua:537	"08:58:30.939 WARNING ⛔️ file:///Users/sagiring/.bashrc line 118: failed to resolve path"
[WARN][2025-02-27 16:58:31] ...lsp/handlers.lua:537	"08:58:31.333 WARNING ⛔️ file:///Users/sagiring/.bashrc line 116: failed to resolve path"
[WARN][2025-02-27 16:58:31] ...lsp/handlers.lua:537	"08:58:31.333 WARNING ⛔️ file:///Users/sagiring/.bashrc line 118: failed to resolve path"
[WARN][2025-02-27 16:58:31] ...lsp/handlers.lua:537	"08:58:31.485 WARNING ⛔️ file:///Users/sagiring/.bashrc line 116: failed to resolve path"
[WARN][2025-02-27 16:58:31] ...lsp/handlers.lua:537	"08:58:31.485 WARNING ⛔️ file:///Users/sagiring/.bashrc line 118: failed to resolve path"
[WARN][2025-02-27 16:58:31] ...lsp/handlers.lua:537	"08:58:31.638 WARNING ⛔️ file:///Users/sagiring/.bashrc line 116: failed to resolve path"
[WARN][2025-02-27 16:58:31] ...lsp/handlers.lua:537	"08:58:31.639 WARNING ⛔️ file:///Users/sagiring/.bashrc line 118: failed to resolve path"
[WARN][2025-02-27 16:58:31] ...lsp/handlers.lua:537	"08:58:31.785 WARNING ⛔️ file:///Users/sagiring/.bashrc line 116: failed to resolve path"
[WARN][2025-02-27 16:58:31] ...lsp/handlers.lua:537	"08:58:31.785 WARNING ⛔️ file:///Users/sagiring/.bashrc line 118: failed to resolve path"
[WARN][2025-02-27 16:58:32] ...lsp/handlers.lua:537	"08:58:32.481 WARNING ⛔️ file:///Users/sagiring/.bashrc line 116: failed to resolve path"
[WARN][2025-02-27 16:58:32] ...lsp/handlers.lua:537	"08:58:32.481 WARNING ⛔️ file:///Users/sagiring/.bashrc line 118: failed to resolve path"
[WARN][2025-02-27 16:58:33] ...lsp/handlers.lua:537	"08:58:33.352 WARNING ⛔️ file:///Users/sagiring/.bashrc line 116: failed to resolve path"
[WARN][2025-02-27 16:58:33] ...lsp/handlers.lua:537	"08:58:33.352 WARNING ⛔️ file:///Users/sagiring/.bashrc line 118: failed to resolve path"
[WARN][2025-02-27 16:58:33] ...lsp/handlers.lua:537	"08:58:33.524 WARNING ⛔️ file:///Users/sagiring/.bashrc line 116: failed to resolve path"
[WARN][2025-02-27 16:58:33] ...lsp/handlers.lua:537	"08:58:33.524 WARNING ⛔️ file:///Users/sagiring/.bashrc line 118: failed to resolve path"
[WARN][2025-02-27 16:58:33] ...lsp/handlers.lua:537	"08:58:33.925 WARNING ⛔️ file:///Users/sagiring/.bashrc line 116: failed to resolve path"
[WARN][2025-02-27 16:58:33] ...lsp/handlers.lua:537	"08:58:33.925 WARNING ⛔️ file:///Users/sagiring/.bashrc line 118: failed to resolve path"
[WARN][2025-02-27 16:58:34] ...lsp/handlers.lua:537	"08:58:34.072 WARNING ⛔️ file:///Users/sagiring/.bashrc line 116: failed to resolve path"
[WARN][2025-02-27 16:58:34] ...lsp/handlers.lua:537	"08:58:34.072 WARNING ⛔️ file:///Users/sagiring/.bashrc line 118: failed to resolve path"
[WARN][2025-02-27 16:58:39] ...lsp/handlers.lua:537	"08:58:39.751 WARNING ⛔️ file:///Users/sagiring/.bashrc line 116: failed to resolve path"
[WARN][2025-02-27 16:58:39] ...lsp/handlers.lua:537	"08:58:39.751 WARNING ⛔️ file:///Users/sagiring/.bashrc line 118: failed to resolve path"
[WARN][2025-02-27 16:58:39] ...lsp/handlers.lua:537	"08:58:39.886 WARNING ⛔️ file:///Users/sagiring/.bashrc line 116: failed to resolve path"
[WARN][2025-02-27 16:58:39] ...lsp/handlers.lua:537	"08:58:39.886 WARNING ⛔️ file:///Users/sagiring/.bashrc line 118: failed to resolve path"
[WARN][2025-02-27 16:58:40] ...lsp/handlers.lua:537	"08:58:40.050 WARNING ⛔️ file:///Users/sagiring/.bashrc line 116: failed to resolve path"
[WARN][2025-02-27 16:58:40] ...lsp/handlers.lua:537	"08:58:40.050 WARNING ⛔️ file:///Users/sagiring/.bashrc line 118: failed to resolve path"
[WARN][2025-02-27 16:58:40] ...lsp/handlers.lua:537	"08:58:40.273 WARNING ⛔️ file:///Users/sagiring/.bashrc line 116: failed to resolve path"
[WARN][2025-02-27 16:58:40] ...lsp/handlers.lua:537	"08:58:40.273 WARNING ⛔️ file:///Users/sagiring/.bashrc line 118: failed to resolve path"
[WARN][2025-02-27 16:58:40] ...lsp/handlers.lua:537	"08:58:40.619 WARNING ⛔️ file:///Users/sagiring/.bashrc line 116: failed to resolve path"
[WARN][2025-02-27 16:58:40] ...lsp/handlers.lua:537	"08:58:40.620 WARNING ⛔️ file:///Users/sagiring/.bashrc line 118: failed to resolve path"
[WARN][2025-02-27 16:58:40] ...lsp/handlers.lua:537	"08:58:40.771 WARNING ⛔️ file:///Users/sagiring/.bashrc line 116: failed to resolve path"
[WARN][2025-02-27 16:58:40] ...lsp/handlers.lua:537	"08:58:40.771 WARNING ⛔️ file:///Users/sagiring/.bashrc line 118: failed to resolve path"
[WARN][2025-02-27 16:58:40] ...lsp/handlers.lua:537	"08:58:40.920 WARNING ⛔️ file:///Users/sagiring/.bashrc line 116: failed to resolve path"
[WARN][2025-02-27 16:58:40] ...lsp/handlers.lua:537	"08:58:40.920 WARNING ⛔️ file:///Users/sagiring/.bashrc line 118: failed to resolve path"
[WARN][2025-02-27 16:58:41] ...lsp/handlers.lua:537	"08:58:41.073 WARNING ⛔️ file:///Users/sagiring/.bashrc line 116: failed to resolve path"
[WARN][2025-02-27 16:58:41] ...lsp/handlers.lua:537	"08:58:41.073 WARNING ⛔️ file:///Users/sagiring/.bashrc line 118: failed to resolve path"
[WARN][2025-02-27 16:58:41] ...lsp/handlers.lua:537	"08:58:41.223 WARNING ⛔️ file:///Users/sagiring/.bashrc line 116: failed to resolve path"
[WARN][2025-02-27 16:58:41] ...lsp/handlers.lua:537	"08:58:41.223 WARNING ⛔️ file:///Users/sagiring/.bashrc line 118: failed to resolve path"
[WARN][2025-02-27 16:58:41] ...lsp/handlers.lua:537	"08:58:41.374 WARNING ⛔️ file:///Users/sagiring/.bashrc line 116: failed to resolve path"
[WARN][2025-02-27 16:58:41] ...lsp/handlers.lua:537	"08:58:41.374 WARNING ⛔️ file:///Users/sagiring/.bashrc line 118: failed to resolve path"
[WARN][2025-02-27 16:58:41] ...lsp/handlers.lua:537	"08:58:41.519 WARNING ⛔️ file:///Users/sagiring/.bashrc line 116: failed to resolve path"
[WARN][2025-02-27 16:58:41] ...lsp/handlers.lua:537	"08:58:41.519 WARNING ⛔️ file:///Users/sagiring/.bashrc line 118: failed to resolve path"
[WARN][2025-02-27 16:58:41] ...lsp/handlers.lua:537	"08:58:41.671 WARNING ⛔️ file:///Users/sagiring/.bashrc line 116: failed to resolve path"
[WARN][2025-02-27 16:58:41] ...lsp/handlers.lua:537	"08:58:41.671 WARNING ⛔️ file:///Users/sagiring/.bashrc line 118: failed to resolve path"
[WARN][2025-02-27 16:58:41] ...lsp/handlers.lua:537	"08:58:41.822 WARNING ⛔️ file:///Users/sagiring/.bashrc line 116: failed to resolve path"
[WARN][2025-02-27 16:58:41] ...lsp/handlers.lua:537	"08:58:41.822 WARNING ⛔️ file:///Users/sagiring/.bashrc line 118: failed to resolve path"
[WARN][2025-02-27 16:58:42] ...lsp/handlers.lua:537	"08:58:42.032 WARNING ⛔️ file:///Users/sagiring/.bashrc line 116: failed to resolve path"
[WARN][2025-02-27 16:58:42] ...lsp/handlers.lua:537	"08:58:42.032 WARNING ⛔️ file:///Users/sagiring/.bashrc line 118: failed to resolve path"
[WARN][2025-02-27 16:58:42] ...lsp/handlers.lua:537	"08:58:42.384 WARNING ⛔️ file:///Users/sagiring/.bashrc line 116: failed to resolve path"
[WARN][2025-02-27 16:58:42] ...lsp/handlers.lua:537	"08:58:42.384 WARNING ⛔️ file:///Users/sagiring/.bashrc line 118: failed to resolve path"
[WARN][2025-02-27 16:58:42] ...lsp/handlers.lua:537	"08:58:42.543 WARNING ⛔️ file:///Users/sagiring/.bashrc line 116: failed to resolve path"
[WARN][2025-02-27 16:58:42] ...lsp/handlers.lua:537	"08:58:42.543 WARNING ⛔️ file:///Users/sagiring/.bashrc line 118: failed to resolve path"
[WARN][2025-02-27 16:58:42] ...lsp/handlers.lua:537	"08:58:42.964 WARNING ⛔️ file:///Users/sagiring/.bashrc line 116: failed to resolve path"
[WARN][2025-02-27 16:58:42] ...lsp/handlers.lua:537	"08:58:42.965 WARNING ⛔️ file:///Users/sagiring/.bashrc line 118: failed to resolve path"
[WARN][2025-02-27 16:58:43] ...lsp/handlers.lua:537	"08:58:43.127 WARNING ⛔️ file:///Users/sagiring/.bashrc line 116: failed to resolve path"
[WARN][2025-02-27 16:58:43] ...lsp/handlers.lua:537	"08:58:43.127 WARNING ⛔️ file:///Users/sagiring/.bashrc line 118: failed to resolve path"
[WARN][2025-02-27 16:58:43] ...lsp/handlers.lua:537	"08:58:43.421 WARNING ⛔️ file:///Users/sagiring/.bashrc line 116: failed to resolve path"
[WARN][2025-02-27 16:58:43] ...lsp/handlers.lua:537	"08:58:43.421 WARNING ⛔️ file:///Users/sagiring/.bashrc line 118: failed to resolve path"
[WARN][2025-02-27 16:58:44] ...lsp/handlers.lua:537	"08:58:44.254 WARNING ⛔️ file:///Users/sagiring/.bashrc line 116: failed to resolve path"
[WARN][2025-02-27 16:58:44] ...lsp/handlers.lua:537	"08:58:44.254 WARNING ⛔️ file:///Users/sagiring/.bashrc line 118: failed to resolve path"
[WARN][2025-02-27 16:58:44] ...lsp/handlers.lua:537	"08:58:44.399 WARNING ⛔️ file:///Users/sagiring/.bashrc line 116: failed to resolve path"
[WARN][2025-02-27 16:58:44] ...lsp/handlers.lua:537	"08:58:44.399 WARNING ⛔️ file:///Users/sagiring/.bashrc line 118: failed to resolve path"
[WARN][2025-02-27 16:58:44] ...lsp/handlers.lua:537	"08:58:44.581 WARNING ⛔️ file:///Users/sagiring/.bashrc line 116: failed to resolve path"
[WARN][2025-02-27 16:58:44] ...lsp/handlers.lua:537	"08:58:44.581 WARNING ⛔️ file:///Users/sagiring/.bashrc line 118: failed to resolve path"
[WARN][2025-02-27 16:58:44] ...lsp/handlers.lua:537	"08:58:44.821 WARNING ⛔️ file:///Users/sagiring/.bashrc line 116: failed to resolve path"
[WARN][2025-02-27 16:58:44] ...lsp/handlers.lua:537	"08:58:44.821 WARNING ⛔️ file:///Users/sagiring/.bashrc line 118: failed to resolve path"
[WARN][2025-02-27 16:58:45] ...lsp/handlers.lua:537	"08:58:45.263 WARNING ⛔️ file:///Users/sagiring/.bashrc line 116: failed to resolve path"
[WARN][2025-02-27 16:58:45] ...lsp/handlers.lua:537	"08:58:45.263 WARNING ⛔️ file:///Users/sagiring/.bashrc line 118: failed to resolve path"
[WARN][2025-02-27 16:58:45] ...lsp/handlers.lua:537	"08:58:45.437 WARNING ⛔️ file:///Users/sagiring/.bashrc line 116: failed to resolve path"
[WARN][2025-02-27 16:58:45] ...lsp/handlers.lua:537	"08:58:45.437 WARNING ⛔️ file:///Users/sagiring/.bashrc line 118: failed to resolve path"
[WARN][2025-02-27 16:58:45] ...lsp/handlers.lua:537	"08:58:45.590 WARNING ⛔️ file:///Users/sagiring/.bashrc line 116: failed to resolve path"
[WARN][2025-02-27 16:58:45] ...lsp/handlers.lua:537	"08:58:45.590 WARNING ⛔️ file:///Users/sagiring/.bashrc line 118: failed to resolve path"
[WARN][2025-02-27 16:58:45] ...lsp/handlers.lua:537	"08:58:45.741 WARNING ⛔️ file:///Users/sagiring/.bashrc line 116: failed to resolve path"
[WARN][2025-02-27 16:58:45] ...lsp/handlers.lua:537	"08:58:45.741 WARNING ⛔️ file:///Users/sagiring/.bashrc line 118: failed to resolve path"
[WARN][2025-02-27 16:58:54] ...lsp/handlers.lua:537	"08:58:54.383 WARNING ⛔️ file:///Users/sagiring/.bashrc line 116: failed to resolve path"
[WARN][2025-02-27 16:58:54] ...lsp/handlers.lua:537	"08:58:54.383 WARNING ⛔️ file:///Users/sagiring/.bashrc line 118: failed to resolve path"
[WARN][2025-02-27 16:58:54] ...lsp/handlers.lua:537	"08:58:54.831 WARNING ⛔️ file:///Users/sagiring/.bashrc line 116: failed to resolve path"
[WARN][2025-02-27 16:58:54] ...lsp/handlers.lua:537	"08:58:54.831 WARNING ⛔️ file:///Users/sagiring/.bashrc line 118: failed to resolve path"
[WARN][2025-02-27 16:58:55] ...lsp/handlers.lua:537	"08:58:55.123 WARNING ⛔️ file:///Users/sagiring/.bashrc line 116: failed to resolve path"
[WARN][2025-02-27 16:58:55] ...lsp/handlers.lua:537	"08:58:55.123 WARNING ⛔️ file:///Users/sagiring/.bashrc line 118: failed to resolve path"
[WARN][2025-02-27 16:58:55] ...lsp/handlers.lua:537	"08:58:55.272 WARNING ⛔️ file:///Users/sagiring/.bashrc line 116: failed to resolve path"
[WARN][2025-02-27 16:58:55] ...lsp/handlers.lua:537	"08:58:55.272 WARNING ⛔️ file:///Users/sagiring/.bashrc line 118: failed to resolve path"
[WARN][2025-02-27 16:58:55] ...lsp/handlers.lua:537	"08:58:55.424 WARNING ⛔️ file:///Users/sagiring/.bashrc line 116: failed to resolve path"
[WARN][2025-02-27 16:58:55] ...lsp/handlers.lua:537	"08:58:55.424 WARNING ⛔️ file:///Users/sagiring/.bashrc line 118: failed to resolve path"
[WARN][2025-02-27 16:58:55] ...lsp/handlers.lua:537	"08:58:55.591 WARNING ⛔️ file:///Users/sagiring/.bashrc line 116: failed to resolve path"
[WARN][2025-02-27 16:58:55] ...lsp/handlers.lua:537	"08:58:55.591 WARNING ⛔️ file:///Users/sagiring/.bashrc line 118: failed to resolve path"
[WARN][2025-02-27 16:58:56] ...lsp/handlers.lua:537	"08:58:56.440 WARNING ⛔️ file:///Users/sagiring/.bashrc line 116: failed to resolve path"
[WARN][2025-02-27 16:58:56] ...lsp/handlers.lua:537	"08:58:56.440 WARNING ⛔️ file:///Users/sagiring/.bashrc line 118: failed to resolve path"
[WARN][2025-02-27 16:59:13] ...lsp/handlers.lua:537	"08:59:13.463 WARNING ⛔️ file:///Users/sagiring/.bashrc line 116: failed to resolve path"
[WARN][2025-02-27 16:59:13] ...lsp/handlers.lua:537	"08:59:13.464 WARNING ⛔️ file:///Users/sagiring/.bashrc line 118: failed to resolve path"
[WARN][2025-02-27 16:59:13] ...lsp/handlers.lua:537	"08:59:13.605 WARNING ⛔️ file:///Users/sagiring/.bashrc line 116: failed to resolve path"
[WARN][2025-02-27 16:59:13] ...lsp/handlers.lua:537	"08:59:13.605 WARNING ⛔️ file:///Users/sagiring/.bashrc line 118: failed to resolve path"
[WARN][2025-02-27 16:59:13] ...lsp/handlers.lua:537	"08:59:13.893 WARNING ⛔️ file:///Users/sagiring/.bashrc line 116: failed to resolve path"
[WARN][2025-02-27 16:59:13] ...lsp/handlers.lua:537	"08:59:13.893 WARNING ⛔️ file:///Users/sagiring/.bashrc line 118: failed to resolve path"
[WARN][2025-02-27 16:59:14] ...lsp/handlers.lua:537	"08:59:14.109 WARNING ⛔️ file:///Users/sagiring/.bashrc line 116: failed to resolve path"
[WARN][2025-02-27 16:59:14] ...lsp/handlers.lua:537	"08:59:14.109 WARNING ⛔️ file:///Users/sagiring/.bashrc line 118: failed to resolve path"
[WARN][2025-02-27 16:59:15] ...lsp/handlers.lua:537	"08:59:15.487 WARNING ⛔️ file:///Users/sagiring/.bashrc line 116: failed to resolve path"
[WARN][2025-02-27 16:59:15] ...lsp/handlers.lua:537	"08:59:15.487 WARNING ⛔️ file:///Users/sagiring/.bashrc line 118: failed to resolve path"
[WARN][2025-02-27 16:59:15] ...lsp/handlers.lua:537	"08:59:15.637 WARNING ⛔️ file:///Users/sagiring/.bashrc line 116: failed to resolve path"
[WARN][2025-02-27 16:59:15] ...lsp/handlers.lua:537	"08:59:15.638 WARNING ⛔️ file:///Users/sagiring/.bashrc line 118: failed to resolve path"
[WARN][2025-02-27 16:59:15] ...lsp/handlers.lua:537	"08:59:15.859 WARNING ⛔️ file:///Users/sagiring/.bashrc line 116: failed to resolve path"
[WARN][2025-02-27 16:59:15] ...lsp/handlers.lua:537	"08:59:15.859 WARNING ⛔️ file:///Users/sagiring/.bashrc line 118: failed to resolve path"
[WARN][2025-02-27 16:59:16] ...lsp/handlers.lua:537	"08:59:16.093 WARNING ⛔️ file:///Users/sagiring/.bashrc line 116: failed to resolve path"
[WARN][2025-02-27 16:59:16] ...lsp/handlers.lua:537	"08:59:16.094 WARNING ⛔️ file:///Users/sagiring/.bashrc line 118: failed to resolve path"
[WARN][2025-02-27 16:59:16] ...lsp/handlers.lua:537	"08:59:16.487 WARNING ⛔️ file:///Users/sagiring/.bashrc line 116: failed to resolve path"
[WARN][2025-02-27 16:59:16] ...lsp/handlers.lua:537	"08:59:16.487 WARNING ⛔️ file:///Users/sagiring/.bashrc line 118: failed to resolve path"
[WARN][2025-02-27 16:59:16] ...lsp/handlers.lua:537	"08:59:16.743 WARNING ⛔️ file:///Users/sagiring/.bashrc line 116: failed to resolve path"
[WARN][2025-02-27 16:59:16] ...lsp/handlers.lua:537	"08:59:16.743 WARNING ⛔️ file:///Users/sagiring/.bashrc line 118: failed to resolve path"
[WARN][2025-02-27 16:59:16] ...lsp/handlers.lua:537	"08:59:16.892 WARNING ⛔️ file:///Users/sagiring/.bashrc line 116: failed to resolve path"
[WARN][2025-02-27 16:59:16] ...lsp/handlers.lua:537	"08:59:16.892 WARNING ⛔️ file:///Users/sagiring/.bashrc line 118: failed to resolve path"
[WARN][2025-02-27 16:59:17] ...lsp/handlers.lua:537	"08:59:17.053 WARNING ⛔️ file:///Users/sagiring/.bashrc line 116: failed to resolve path"
[WARN][2025-02-27 16:59:17] ...lsp/handlers.lua:537	"08:59:17.053 WARNING ⛔️ file:///Users/sagiring/.bashrc line 118: failed to resolve path"
[WARN][2025-02-27 16:59:19] ...lsp/handlers.lua:537	"08:59:19.522 WARNING ⛔️ file:///Users/sagiring/.bashrc line 116: failed to resolve path"
[WARN][2025-02-27 16:59:19] ...lsp/handlers.lua:537	"08:59:19.522 WARNING ⛔️ file:///Users/sagiring/.bashrc line 118: failed to resolve path"
[WARN][2025-02-27 16:59:20] ...lsp/handlers.lua:537	"08:59:20.157 WARNING ⛔️ file:///Users/sagiring/.bashrc line 116: failed to resolve path"
[WARN][2025-02-27 16:59:20] ...lsp/handlers.lua:537	"08:59:20.157 WARNING ⛔️ file:///Users/sagiring/.bashrc line 118: failed to resolve path"
[START][2025-02-27 17:02:39] LSP logging initiated
[ERROR][2025-02-27 17:02:39] .../vim/lsp/rpc.lua:734	"rpc"	"/Users/sagiring/.local/share/nvim/mason/bin/bash-language-server"	"stderr"	"(node:92380) [DEP0040] DeprecationWarning: The `punycode` module is deprecated. Please use a userland alternative instead.\n(Use `node --trace-deprecation ...` to show where the warning was created)\n"
[WARN][2025-02-27 17:02:39] ...lsp/handlers.lua:537	"09:02:39.272 WARNING ⛔️ Environment variable configuration is being deprecated, please use workspace configuration. The following environment variables were used: shfmt"
[WARN][2025-02-27 17:02:39] ...lsp/handlers.lua:537	"09:02:39.796 WARNING ⛔️ ShellCheck: disabling linting as no executable was found at path 'shellcheck'"
[START][2025-02-27 17:26:24] LSP logging initiated
[ERROR][2025-02-27 17:26:24] .../vim/lsp/rpc.lua:734	"rpc"	"/Users/sagiring/.local/share/nvim/mason/bin/bash-language-server"	"stderr"	"(node:17207) [DEP0040] DeprecationWarning: The `punycode` module is deprecated. Please use a userland alternative instead.\n(Use `node --trace-deprecation ...` to show where the warning was created)\n"
[WARN][2025-02-27 17:26:25] ...lsp/handlers.lua:537	"09:26:25.047 WARNING ⛔️ Environment variable configuration is being deprecated, please use workspace configuration. The following environment variables were used: shfmt"
[WARN][2025-02-27 17:26:25] ...lsp/handlers.lua:537	"09:26:25.071 WARNING ⛔️ file:///Users/sagiring/.bashrc line 116: failed to resolve path"
[WARN][2025-02-27 17:26:25] ...lsp/handlers.lua:537	"09:26:25.071 WARNING ⛔️ file:///Users/sagiring/.bashrc line 118: failed to resolve path"
[WARN][2025-02-27 17:26:25] ...lsp/handlers.lua:537	"09:26:25.581 WARNING ⛔️ ShellCheck: disabling linting as no executable was found at path 'shellcheck'"
[WARN][2025-02-27 17:26:37] ...lsp/handlers.lua:537	"09:26:37.727 WARNING ⛔️ file:///Users/sagiring/.bashrc line 116: failed to resolve path"
[WARN][2025-02-27 17:26:37] ...lsp/handlers.lua:537	"09:26:37.728 WARNING ⛔️ file:///Users/sagiring/.bashrc line 118: failed to resolve path"
[WARN][2025-02-27 17:26:38] ...lsp/handlers.lua:537	"09:26:38.472 WARNING ⛔️ file:///Users/sagiring/.bashrc line 116: failed to resolve path"
[WARN][2025-02-27 17:26:38] ...lsp/handlers.lua:537	"09:26:38.472 WARNING ⛔️ file:///Users/sagiring/.bashrc line 118: failed to resolve path"
[WARN][2025-02-27 17:26:38] ...lsp/handlers.lua:537	"09:26:38.482 WARNING ⛔️ file:///opt/homebrew/etc/profile.d/autojump.sh line 20: non-constant source not supported"
[WARN][2025-02-27 17:26:38] ...lsp/handlers.lua:537	"09:26:38.482 WARNING ⛔️ file:///opt/homebrew/etc/profile.d/autojump.sh line 24: non-constant source not supported"
[WARN][2025-02-27 17:26:38] ...lsp/handlers.lua:537	"09:26:38.482 WARNING ⛔️ file:///opt/homebrew/etc/profile.d/autojump.sh line 29: non-constant source not supported"
[WARN][2025-02-27 17:26:42] ...lsp/handlers.lua:537	"09:26:42.058 WARNING ⛔️ file:///Users/sagiring/.bashrc line 116: failed to resolve path"
[WARN][2025-02-27 17:26:42] ...lsp/handlers.lua:537	"09:26:42.058 WARNING ⛔️ file:///Users/sagiring/.bashrc line 118: failed to resolve path"
[WARN][2025-02-27 17:26:42] ...lsp/handlers.lua:537	"09:26:42.243 WARNING ⛔️ file:///Users/sagiring/.bashrc line 116: failed to resolve path"
[WARN][2025-02-27 17:26:42] ...lsp/handlers.lua:537	"09:26:42.244 WARNING ⛔️ file:///Users/sagiring/.bashrc line 118: failed to resolve path"
[WARN][2025-02-27 17:26:42] ...lsp/handlers.lua:537	"09:26:42.373 WARNING ⛔️ file:///Users/sagiring/.bashrc line 116: failed to resolve path"
[WARN][2025-02-27 17:26:42] ...lsp/handlers.lua:537	"09:26:42.373 WARNING ⛔️ file:///Users/sagiring/.bashrc line 118: failed to resolve path"
[WARN][2025-02-27 17:26:42] ...lsp/handlers.lua:537	"09:26:42.516 WARNING ⛔️ file:///Users/sagiring/.bashrc line 116: failed to resolve path"
[WARN][2025-02-27 17:26:42] ...lsp/handlers.lua:537	"09:26:42.516 WARNING ⛔️ file:///Users/sagiring/.bashrc line 118: failed to resolve path"
[WARN][2025-02-27 17:26:42] ...lsp/handlers.lua:537	"09:26:42.670 WARNING ⛔️ file:///Users/sagiring/.bashrc line 116: failed to resolve path"
[WARN][2025-02-27 17:26:42] ...lsp/handlers.lua:537	"09:26:42.670 WARNING ⛔️ file:///Users/sagiring/.bashrc line 118: failed to resolve path"
[WARN][2025-02-27 17:26:42] ...lsp/handlers.lua:537	"09:26:42.822 WARNING ⛔️ file:///Users/sagiring/.bashrc line 116: failed to resolve path"
[WARN][2025-02-27 17:26:42] ...lsp/handlers.lua:537	"09:26:42.822 WARNING ⛔️ file:///Users/sagiring/.bashrc line 118: failed to resolve path"
[WARN][2025-02-27 17:26:42] ...lsp/handlers.lua:537	"09:26:42.976 WARNING ⛔️ file:///Users/sagiring/.bashrc line 116: failed to resolve path"
[WARN][2025-02-27 17:26:42] ...lsp/handlers.lua:537	"09:26:42.976 WARNING ⛔️ file:///Users/sagiring/.bashrc line 118: failed to resolve path"
[WARN][2025-02-27 17:26:43] ...lsp/handlers.lua:537	"09:26:43.122 WARNING ⛔️ file:///Users/sagiring/.bashrc line 116: failed to resolve path"
[WARN][2025-02-27 17:26:43] ...lsp/handlers.lua:537	"09:26:43.122 WARNING ⛔️ file:///Users/sagiring/.bashrc line 118: failed to resolve path"
[WARN][2025-02-27 17:26:43] ...lsp/handlers.lua:537	"09:26:43.389 WARNING ⛔️ file:///Users/sagiring/.bashrc line 116: failed to resolve path"
[WARN][2025-02-27 17:26:43] ...lsp/handlers.lua:537	"09:26:43.389 WARNING ⛔️ file:///Users/sagiring/.bashrc line 118: failed to resolve path"
[START][2025-02-27 17:28:58] LSP logging initiated
[ERROR][2025-02-27 17:28:58] .../vim/lsp/rpc.lua:734	"rpc"	"/Users/sagiring/.local/share/nvim/mason/bin/bash-language-server"	"stderr"	"(node:20943) [DEP0040] DeprecationWarning: The `punycode` module is deprecated. Please use a userland alternative instead.\n(Use `node --trace-deprecation ...` to show where the warning was created)\n"
[WARN][2025-02-27 17:28:58] ...lsp/handlers.lua:537	"09:28:58.621 WARNING ⛔️ Environment variable configuration is being deprecated, please use workspace configuration. The following environment variables were used: shfmt"
[WARN][2025-02-27 17:28:58] ...lsp/handlers.lua:537	"09:28:58.636 WARNING ⛔️ file:///Users/sagiring/.bashrc line 116: failed to resolve path"
[WARN][2025-02-27 17:28:58] ...lsp/handlers.lua:537	"09:28:58.636 WARNING ⛔️ file:///Users/sagiring/.bashrc line 118: failed to resolve path"
[WARN][2025-02-27 17:28:59] ...lsp/handlers.lua:537	"09:28:59.145 WARNING ⛔️ ShellCheck: disabling linting as no executable was found at path 'shellcheck'"
[WARN][2025-02-27 17:29:11] ...lsp/handlers.lua:537	"09:29:11.977 WARNING ⛔️ file:///Users/sagiring/.bashrc line 116: failed to resolve path"
[WARN][2025-02-27 17:29:11] ...lsp/handlers.lua:537	"09:29:11.977 WARNING ⛔️ file:///Users/sagiring/.bashrc line 118: failed to resolve path"
[WARN][2025-02-27 17:29:13] ...lsp/handlers.lua:537	"09:29:13.480 WARNING ⛔️ file:///Users/sagiring/.bashrc line 116: failed to resolve path"
[WARN][2025-02-27 17:29:13] ...lsp/handlers.lua:537	"09:29:13.480 WARNING ⛔️ file:///Users/sagiring/.bashrc line 118: failed to resolve path"
[WARN][2025-02-27 17:29:13] ...lsp/handlers.lua:537	"09:29:13.984 WARNING ⛔️ file:///Users/sagiring/.bashrc line 116: failed to resolve path"
[WARN][2025-02-27 17:29:13] ...lsp/handlers.lua:537	"09:29:13.984 WARNING ⛔️ file:///Users/sagiring/.bashrc line 118: failed to resolve path"
[WARN][2025-02-27 17:29:14] ...lsp/handlers.lua:537	"09:29:13.993 WARNING ⛔️ file:///opt/homebrew/etc/profile.d/autojump.sh line 20: non-constant source not supported"
[WARN][2025-02-27 17:29:14] ...lsp/handlers.lua:537	"09:29:13.993 WARNING ⛔️ file:///opt/homebrew/etc/profile.d/autojump.sh line 24: non-constant source not supported"
[WARN][2025-02-27 17:29:14] ...lsp/handlers.lua:537	"09:29:13.993 WARNING ⛔️ file:///opt/homebrew/etc/profile.d/autojump.sh line 29: non-constant source not supported"
[WARN][2025-02-27 17:29:15] ...lsp/handlers.lua:537	"09:29:15.044 WARNING ⛔️ file:///Users/sagiring/.bashrc line 116: failed to resolve path"
[WARN][2025-02-27 17:29:15] ...lsp/handlers.lua:537	"09:29:15.045 WARNING ⛔️ file:///Users/sagiring/.bashrc line 118: failed to resolve path"
[WARN][2025-02-27 17:29:15] ...lsp/handlers.lua:537	"09:29:15.387 WARNING ⛔️ file:///Users/sagiring/.bashrc line 116: failed to resolve path"
[WARN][2025-02-27 17:29:15] ...lsp/handlers.lua:537	"09:29:15.387 WARNING ⛔️ file:///Users/sagiring/.bashrc line 118: failed to resolve path"
[WARN][2025-02-27 17:29:15] ...lsp/handlers.lua:537	"09:29:15.537 WARNING ⛔️ file:///Users/sagiring/.bashrc line 116: failed to resolve path"
[WARN][2025-02-27 17:29:15] ...lsp/handlers.lua:537	"09:29:15.537 WARNING ⛔️ file:///Users/sagiring/.bashrc line 118: failed to resolve path"
[WARN][2025-02-27 17:29:16] ...lsp/handlers.lua:537	"09:29:16.802 WARNING ⛔️ file:///Users/sagiring/.bashrc line 116: failed to resolve path"
[WARN][2025-02-27 17:29:16] ...lsp/handlers.lua:537	"09:29:16.802 WARNING ⛔️ file:///Users/sagiring/.bashrc line 118: failed to resolve path"
[WARN][2025-02-27 17:29:17] ...lsp/handlers.lua:537	"09:29:17.689 WARNING ⛔️ file:///Users/sagiring/.bashrc line 116: failed to resolve path"
[WARN][2025-02-27 17:29:17] ...lsp/handlers.lua:537	"09:29:17.689 WARNING ⛔️ file:///Users/sagiring/.bashrc line 118: failed to resolve path"
[START][2025-02-27 18:47:06] LSP logging initiated
[ERROR][2025-02-27 18:47:06] .../vim/lsp/rpc.lua:734	"rpc"	"/Users/sagiring/.local/share/nvim/mason/bin/bash-language-server"	"stderr"	"(node:83147) [DEP0040] DeprecationWarning: The `punycode` module is deprecated. Please use a userland alternative instead.\n(Use `node --trace-deprecation ...` to show where the warning was created)\n"
[WARN][2025-02-27 18:47:06] ...lsp/handlers.lua:537	"10:47:06.751 WARNING ⛔️ Environment variable configuration is being deprecated, please use workspace configuration. The following environment variables were used: shfmt"
[WARN][2025-02-27 18:47:06] ...lsp/handlers.lua:537	"10:47:06.768 WARNING ⛔️ file:///Users/sagiring/.bashrc line 116: failed to resolve path"
[WARN][2025-02-27 18:47:06] ...lsp/handlers.lua:537	"10:47:06.768 WARNING ⛔️ file:///Users/sagiring/.bashrc line 118: failed to resolve path"
[WARN][2025-02-27 18:47:07] ...lsp/handlers.lua:537	"10:47:07.279 WARNING ⛔️ ShellCheck: disabling linting as no executable was found at path 'shellcheck'"
[START][2025-02-27 18:53:13] LSP logging initiated
[ERROR][2025-02-27 18:53:13] .../vim/lsp/rpc.lua:734	"rpc"	"/Users/sagiring/.local/share/nvim/mason/bin/bash-language-server"	"stderr"	"(node:86803) [DEP0040] DeprecationWarning: The `punycode` module is deprecated. Please use a userland alternative instead.\n(Use `node --trace-deprecation ...` to show where the warning was created)\n"
[WARN][2025-02-27 18:53:13] ...lsp/handlers.lua:537	"10:53:13.164 WARNING ⛔️ Environment variable configuration is being deprecated, please use workspace configuration. The following environment variables were used: shfmt"
[WARN][2025-02-27 18:53:13] ...lsp/handlers.lua:537	"10:53:13.181 WARNING ⛔️ file:///Users/sagiring/.bashrc line 116: failed to resolve path"
[WARN][2025-02-27 18:53:13] ...lsp/handlers.lua:537	"10:53:13.181 WARNING ⛔️ file:///Users/sagiring/.bashrc line 118: failed to resolve path"
[WARN][2025-02-27 18:53:13] ...lsp/handlers.lua:537	"10:53:13.690 WARNING ⛔️ ShellCheck: disabling linting as no executable was found at path 'shellcheck'"
